EwEVersion,"6.6.5.17207 (compiled 12/14/2020)"
Date,"2/3/2022 11:21:39 AM"
ModelName,"NWACS AM 7ages"
EcosimScenario,"sim3.5_ts1_fit28v_i7_PreySwitch1 vulcap"
TimeSeries,"copyUpdated NWACS MICE 5 v2-1-6-Time series grid"
StartYear,1985

Data,"PredationMortality of menhaden 1"

timestep\group,"striped bass 0","striped bass 2-5","striped bass 6+","spiny dogfish","bluefish adult","weakfish adult",
1,0.0004189808,0.002966062,0.001517559,0.0002305025,0.01075915,0.0002909357
2,0.0004263481,0.002967438,0.001540958,0.0002312628,0.01067423,0.0002932825
3,0.0004338815,0.002968468,0.001563421,0.0002319384,0.01057249,0.0002953995
4,0.000441419,0.002969211,0.001585109,0.0002325472,0.01045621,0.0002973302
5,0.0004489325,0.002969723,0.001606214,0.0002331074,0.01032772,0.0002991234
6,0.0004564181,0.002970051,0.001626898,0.0002336333,0.01018904,0.0003008216
7,0.0004638843,0.002970234,0.001647295,0.0002341356,0.01004189,0.0003024602
8,0.0004713481,0.002970303,0.001667518,0.0002346227,0.009887772,0.0003040695
9,0.000478832,0.002970282,0.001687656,0.0002351007,0.009727979,0.0003056747
10,0.0004863625,0.00297019,0.001707786,0.0002355739,0.009563613,0.000307297
11,0.0004939692,0.002970043,0.001727965,0.0002360456,0.009395603,0.0003089532
12,0.0005016811,0.00296985,0.001748243,0.0002365183,0.009224737,0.0003106573
13,0.0005109531,0.002973753,0.001771933,0.000237352,0.009074629,0.0003133007
14,0.0005200076,0.002979083,0.001798309,0.0002381431,0.008629089,0.00031308
15,0.0005281464,0.00298356,0.001821593,0.0002386624,0.00818817,0.0003123765
16,0.0005355334,0.002987422,0.001842316,0.0002389622,0.007756841,0.0003113241
17,0.0005423014,0.002990864,0.001860876,0.0002390826,0.007338597,0.0003100235
18,0.0005485548,0.002994037,0.001877568,0.0002390534,0.00693579,0.0003085474
19,0.0005543715,0.002997062,0.001892598,0.0002388968,0.006549945,0.0003069473
20,0.0005598076,0.003000035,0.001906111,0.0002386296,0.006181981,0.0003052589
21,0.0005649001,0.003003038,0.001918202,0.0002382639,0.005832374,0.0003035054
22,0.0005696695,0.00300614,0.001928927,0.0002378087,0.005501291,0.0003017007
23,0.0005741237,0.003009402,0.001938311,0.0002372702,0.005188677,0.0002998522
24,0.0005782564,0.00301287,0.001946347,0.000236651,0.004894296,0.00029796
25,0.00057976,0.003006863,0.001946172,0.0002350629,0.004600559,0.0002948523
26,0.0005825988,0.003000508,0.001959675,0.0002336881,0.004319787,0.0002938518
27,0.0005873932,0.002996088,0.001977826,0.0002327211,0.004065326,0.0002936496
28,0.0005936344,0.002992898,0.001999151,0.00023203,0.003831573,0.0002939925
29,0.0006010927,0.002990855,0.002022968,0.0002315592,0.003615399,0.0002947627
30,0.0006095376,0.002989688,0.002048509,0.0002312435,0.003414002,0.0002958342
31,0.0006188067,0.002989183,0.002075174,0.0002310322,0.003225325,0.0002971129
32,0.0006287859,0.002989169,0.002102493,0.0002308864,0.003047815,0.000298528
33,0.0006393979,0.00298951,0.002130099,0.0002307763,0.002880299,0.0003000263
34,0.0006505906,0.002990101,0.002157706,0.0002306791,0.002721863,0.0003015668
35,0.0006622549,0.002990517,0.002184841,0.0002305516,0.002571485,0.0003030834
36,0.0006744834,0.00299089,0.002211668,0.0002304085,0.00242902,0.0003046029
37,0.0006880848,0.002997818,0.002241097,0.0002306251,0.002296369,0.00030647
38,0.0007004403,0.003003117,0.002249538,0.0002304597,0.002175142,0.0003010648
39,0.0007119746,0.003007311,0.002254613,0.0002300315,0.002062713,0.0002956562
40,0.0007230151,0.003010922,0.002257413,0.0002294223,0.001960743,0.0002904047
41,0.0007335916,0.003013766,0.00225819,0.0002286414,0.001869811,0.0002853349
42,0.0007438345,0.003015945,0.002257508,0.0002277265,0.001790617,0.0002805052
43,0.0007538415,0.003017534,0.002255844,0.0002267107,0.001723662,0.0002759531
44,0.00076369,0.0030186,0.002253613,0.0002256232,0.001669312,0.0002717017
45,0.0007734418,0.00301919,0.002251174,0.0002244904,0.001627864,0.0002677647
46,0.0007831503,0.003019346,0.00224885,0.0002233363,0.001599655,0.0002641506
47,0.0007929754,0.003019531,0.002247246,0.0002222149,0.001585309,0.0002609027
48,0.0008027995,0.003019543,0.002246206,0.0002211141,0.001584975,0.0002579719
49,0.0008127686,0.003019246,0.002246247,0.0002198804,0.001599323,0.0002553972
50,0.0008224632,0.003018747,0.002266379,0.0002186571,0.001659303,0.0002554474
51,0.0008318337,0.003017976,0.002287169,0.0002174584,0.001720356,0.0002553707
52,0.0008410504,0.00301704,0.002308849,0.0002163019,0.001782359,0.0002552263
53,0.0008502658,0.003016038,0.002331591,0.0002152004,0.001845142,0.0002550617
54,0.0008596132,0.003015052,0.002355501,0.0002141623,0.001908431,0.0002549132
55,0.0008692064,0.003014147,0.00238063,0.0002131915,0.001971883,0.000254807
56,0.0008791413,0.003013374,0.002406981,0.000212289,0.002035084,0.0002547593
57,0.0008894955,0.003012763,0.002434513,0.0002114522,0.002097621,0.0002547779
58,0.000900333,0.003012332,0.002463159,0.0002106772,0.002159043,0.000254863
59,0.0009117044,0.003012086,0.002492827,0.000209958,0.002218879,0.0002550074
60,0.0009236501,0.003012019,0.002523413,0.0002092886,0.002276646,0.0002551982
61,0.000937302,0.003012346,0.002556656,0.0002082092,0.002333485,0.0002557173
62,0.0009521533,0.003013418,0.002593917,0.000207188,0.002380204,0.0002607879
63,0.0009678429,0.003014804,0.00263142,0.0002061817,0.002427884,0.0002657336
64,0.0009843309,0.003016416,0.002668883,0.0002051748,0.002476169,0.0002704912
65,0.001001582,0.003018155,0.00270607,0.0002041549,0.002524812,0.0002750067
66,0.001019575,0.003019927,0.002742813,0.0002031135,0.002573697,0.0002792369
67,0.001038313,0.003021655,0.002779017,0.0002020463,0.002622858,0.0002831519
68,0.00105782,0.003023281,0.002814655,0.0002009533,0.00267245,0.0002867331
69,0.001078141,0.003024767,0.002849763,0.0001998375,0.002722672,0.0002899728
70,0.001099335,0.003026096,0.002884414,0.000198704,0.002773781,0.0002928706
71,0.001121471,0.003027263,0.002918714,0.0001975597,0.002826106,0.0002954316
72,0.001144623,0.003028283,0.002952786,0.000196412,0.002879953,0.0002976643
73,0.001167736,0.003026935,0.002983601,0.0001951214,0.002933028,0.0002992885
74,0.001192284,0.003025765,0.003014798,0.0001939389,0.002977616,0.0002979385
75,0.00121843,0.003024794,0.00304752,0.0001928579,0.003020363,0.0002969076
76,0.001246053,0.003023995,0.003081552,0.0001918662,0.003061143,0.0002961508
77,0.001275088,0.003023358,0.003116749,0.0001909547,0.003099849,0.0002956266
78,0.001305493,0.003022889,0.003152989,0.0001901157,0.003136369,0.0002952955
79,0.001337234,0.003022599,0.003190152,0.000189342,0.003170577,0.0002951183
80,0.001370268,0.003022491,0.003228109,0.0001886263,0.003202323,0.0002950573
81,0.001404546,0.003022567,0.003266723,0.0001879608,0.003231445,0.0002950773
82,0.001440007,0.003022822,0.003305848,0.0001873377,0.003257774,0.0002951471
83,0.001476584,0.003023245,0.003345334,0.0001867494,0.00328115,0.0002952419
84,0.001514206,0.003023815,0.003385025,0.0001861882,0.003301398,0.0002953434
85,0.00155455,0.003023643,0.003426814,0.0001856405,0.003321903,0.0002957761
86,0.001596442,0.003024172,0.003467986,0.0001851684,0.003348417,0.000296598
87,0.001638955,0.003024822,0.003509283,0.0001847115,0.003374933,0.0002972608
88,0.001682173,0.003025548,0.003550579,0.0001842641,0.00340139,0.0002977741
89,0.001726134,0.003026317,0.003591794,0.0001838229,0.003427804,0.0002981518
90,0.001770851,0.003027104,0.003632871,0.0001833856,0.003454209,0.0002984095
91,0.00181632,0.003027888,0.003673776,0.0001829511,0.003480666,0.0002985628
92,0.001862527,0.003028649,0.003714483,0.0001825189,0.003507255,0.0002986257
93,0.001909456,0.003029372,0.003754987,0.0001820893,0.003534081,0.00029861
94,0.001957098,0.003030043,0.003795294,0.0001816629,0.003561251,0.0002985254
95,0.002005448,0.003030648,0.003835425,0.0001812409,0.003588881,0.0002983781
96,0.002054512,0.003031183,0.003875415,0.0001808252,0.003617099,0.0002981724
97,0.002104032,0.003031791,0.003914363,0.0001801894,0.003644282,0.0002978665
98,0.002154195,0.003032156,0.003949589,0.0001795522,0.003675938,0.0003016289
99,0.002204761,0.003032413,0.003985235,0.0001789322,0.003709125,0.0003052351
100,0.002255958,0.003032608,0.004021423,0.0001783361,0.00374404,0.000308681
101,0.002307915,0.003032776,0.004058223,0.0001777678,0.003780768,0.000311959
102,0.002360696,0.003032948,0.004095657,0.0001772291,0.003819319,0.0003150593
103,0.002414321,0.003033146,0.004133715,0.0001767204,0.003859626,0.0003179709
104,0.002468776,0.003033389,0.004172356,0.0001762409,0.00390156,0.0003206817
105,0.002524022,0.003033694,0.004211519,0.0001757889,0.003944946,0.0003231788
106,0.002579992,0.00303407,0.004251122,0.0001753618,0.003989583,0.0003254485
107,0.002636604,0.003034528,0.004291074,0.0001749565,0.004035262,0.0003274767
108,0.00269376,0.003035071,0.004331273,0.0001745697,0.004081763,0.000329248
109,0.002751469,0.00303573,0.004371326,0.0001741763,0.004128017,0.000330761
110,0.002809579,0.003036419,0.004405322,0.0001737909,0.004173579,0.000332714
111,0.002867959,0.0030371,0.00443867,0.000173413,0.004217405,0.0003344987
112,0.002926514,0.003037754,0.004471353,0.0001730423,0.004259411,0.0003361031
113,0.002985181,0.003038371,0.004503377,0.0001726792,0.004299546,0.0003375185
114,0.003043903,0.003038943,0.004534754,0.0001723244,0.00433778,0.0003387384
115,0.003102637,0.003039466,0.004565506,0.0001719787,0.004374107,0.000339759
116,0.003161345,0.003039937,0.004595658,0.0001716426,0.004408529,0.0003405779
117,0.003219991,0.003040351,0.004625233,0.000171317,0.004441063,0.0003411959
118,0.003278548,0.003040707,0.00465426,0.0001710025,0.004471736,0.0003416161
119,0.003336993,0.003041,0.004682767,0.0001706997,0.004500583,0.0003418439
120,0.00339531,0.003041226,0.004710786,0.0001704092,0.004527647,0.0003418881
121,0.003453725,0.003042597,0.004741374,0.0001705103,0.004561403,0.000341784
122,0.003510427,0.003043481,0.004765149,0.0001705668,0.004631726,0.000341678
123,0.003565251,0.003044083,0.004788357,0.0001705884,0.004700547,0.0003413353
124,0.003618919,0.003044504,0.004811444,0.0001705908,0.004768291,0.0003408071
125,0.003671754,0.003044785,0.00483465,0.0001705822,0.004835171,0.0003401248
126,0.00372391,0.003044956,0.004858159,0.0001705691,0.004901352,0.0003393125
127,0.003775432,0.00304504,0.004882114,0.0001705566,0.004966962,0.0003383894
128,0.00382631,0.003045057,0.004906622,0.0001705486,0.005032104,0.0003373705
129,0.00387649,0.003045022,0.004931769,0.0001705485,0.005096854,0.0003362676
130,0.003925887,0.003044949,0.004957617,0.0001705588,0.005161266,0.0003350901
131,0.0039744,0.00304485,0.004984207,0.0001705815,0.005225377,0.0003338456
132,0.004021903,0.003044734,0.005011565,0.0001706182,0.005289205,0.0003325405
133,0.004072133,0.003046441,0.005042863,0.0001705436,0.005354916,0.0003314979
134,0.004118766,0.003047873,0.0050788,0.0001704016,0.00540385,0.0003284007
135,0.004162965,0.003048983,0.005113459,0.0001702071,0.00544737,0.0003251438
136,0.004204443,0.003049791,0.005147216,0.0001699741,0.005486144,0.000321782
137,0.004243254,0.003050361,0.005180482,0.0001697175,0.005520879,0.0003183684
138,0.004279534,0.003050742,0.005213572,0.0001694486,0.00555216,0.0003149441
139,0.004313436,0.003050971,0.005246732,0.0001691763,0.005580473,0.000311542
140,0.004345116,0.003051079,0.005280153,0.0001689073,0.005606236,0.000308188
141,0.004374726,0.00305109,0.005313985,0.0001686469,0.005629807,0.0003049028
142,0.004402418,0.003051025,0.005348345,0.000168399,0.005651497,0.0003017029
143,0.004428346,0.003050899,0.005383327,0.0001681669,0.005671574,0.0002986018
144,0.004452659,0.003050728,0.005419001,0.0001679527,0.005690266,0.0002956107
145,0.004468517,0.003048115,0.005449091,0.0001678504,0.005700144,0.0002922833
146,0.004487541,0.003045814,0.00547663,0.0001678704,0.005683099,0.0002878432
147,0.004509942,0.00304403,0.005507994,0.0001680064,0.005671288,0.000283794
148,0.004534883,0.003042683,0.00554246,0.0001682329,0.005663688,0.0002800688
149,0.004561596,0.003041686,0.005579387,0.0001685278,0.005659452,0.0002766127
150,0.004589457,0.003040965,0.005618263,0.0001688735,0.005657944,0.0002733834
151,0.004617978,0.003040459,0.00565868,0.0001692562,0.005658704,0.0002703494
152,0.004646773,0.003040122,0.005700315,0.0001696652,0.00566141,0.0002674866
153,0.004675531,0.003039913,0.005742912,0.0001700917,0.005665838,0.0002647767
154,0.004704006,0.003039803,0.005786268,0.0001705293,0.005671858,0.0002622055
155,0.004731995,0.003039765,0.005830219,0.0001709727,0.005679397,0.0002597622
156,0.004759338,0.00303978,0.005874641,0.000171418,0.00568845,0.0002574384
157,0.004784046,0.00304099,0.005919306,0.0001717004,0.005695106,0.0002551276
158,0.004804876,0.00304167,0.005942045,0.0001719112,0.005730675,0.0002515204
159,0.004821572,0.003042102,0.005964614,0.0001720878,0.005767442,0.0002480469
160,0.004835021,0.003042283,0.005987257,0.000172239,0.005805878,0.0002447244
161,0.004845874,0.003042248,0.006010287,0.0001723754,0.005846499,0.0002415701
162,0.004854544,0.003042033,0.006033962,0.000172506,0.005889724,0.0002385959
163,0.004861306,0.003041671,0.006058491,0.0001726386,0.005935872,0.0002358087
164,0.004866358,0.00304119,0.006084041,0.0001727791,0.005985179,0.0002332122
165,0.004869839,0.003040617,0.006110734,0.0001729326,0.006037801,0.0002308069
166,0.004871853,0.003039975,0.006138662,0.0001731027,0.006093831,0.0002285914
167,0.004872466,0.003039284,0.006167877,0.0001732922,0.006153303,0.0002265628
168,0.004871721,0.003038564,0.006198409,0.0001735028,0.006216205,0.0002247175
169,0.004876675,0.003038481,0.006235221,0.0001741225,0.006294235,0.0002233751
170,0.004880012,0.003038681,0.00625931,0.0001747473,0.00641684,0.0002204321
171,0.004880843,0.003038776,0.006283638,0.0001753434,0.006537437,0.0002176011
172,0.004879186,0.003038824,0.006308436,0.0001759194,0.006656053,0.0002148971
173,0.004875009,0.00303887,0.006333842,0.0001764806,0.006772584,0.0002123282
174,0.00486823,0.003038946,0.006359926,0.0001770299,0.00688684,0.0002098984
175,0.004858718,0.003039074,0.006386698,0.0001775685,0.006998552,0.0002076078
176,0.004846316,0.00303927,0.006414129,0.0001780966,0.007107399,0.0002054541
177,0.004830867,0.003039538,0.006442156,0.0001786131,0.007213023,0.0002034333
178,0.004812246,0.003039881,0.006470706,0.0001791167,0.007315036,0.0002015405
179,0.004790338,0.003040267,0.006499632,0.000179604,0.007412968,0.0001997683
180,0.004765227,0.003040724,0.006528948,0.0001800762,0.007506544,0.0001981152
181,0.00473958,0.003039733,0.006557954,0.0001805841,0.007591374,0.0001966833
182,0.004715658,0.00303951,0.006599173,0.0001811601,0.007648577,0.0001941944
183,0.004689881,0.0030396,0.006641052,0.0001817557,0.007706903,0.0001919025
184,0.004662749,0.003039899,0.006683046,0.0001823541,0.007765443,0.0001897788
185,0.004634561,0.003040384,0.006724922,0.0001829476,0.007823722,0.0001878072
186,0.004605439,0.003041008,0.006766406,0.0001835276,0.007881228,0.0001859713
187,0.004575496,0.003041731,0.006807289,0.0001840874,0.007937554,0.0001842582
188,0.00454487,0.003042516,0.006847414,0.0001846221,0.007992405,0.0001826581
189,0.004513716,0.003043341,0.006886673,0.0001851285,0.008045586,0.0001811633
190,0.0044822,0.003044185,0.006924996,0.0001856045,0.008096983,0.0001797678
191,0.004450527,0.003045068,0.006962413,0.0001860511,0.00814665,0.000178469
192,0.004418736,0.003045938,0.006998776,0.0001864641,0.008194441,0.0001772589
193,0.004384496,0.003047334,0.007033811,0.0001871544,0.008247281,0.0001760348
194,0.004350216,0.003048241,0.007062833,0.0001877692,0.008256476,0.0001768145
195,0.00431795,0.003048985,0.007090555,0.0001883381,0.0082596,0.0001774749
196,0.004287271,0.003049651,0.007117275,0.0001888722,0.008257428,0.0001780316
197,0.004257799,0.00305022,0.007142982,0.0001893732,0.008250244,0.0001784902
198,0.004229425,0.003050719,0.007167793,0.0001898461,0.008238504,0.0001788608
199,0.004202074,0.003051169,0.007191795,0.000190295,0.008222592,0.0001791522
200,0.004175674,0.003051592,0.00721505,0.0001907233,0.00820283,0.0001793715
201,0.004150127,0.003052003,0.007237595,0.0001911332,0.00817949,0.0001795245
202,0.004125309,0.003052417,0.00725945,0.0001915265,0.008152796,0.0001796148
203,0.004101077,0.003052844,0.007280617,0.000191904,0.008122935,0.0001796442
204,0.004077274,0.003053288,0.007301082,0.0001922662,0.008090066,0.0001796123
205,0.004055015,0.003054047,0.007321941,0.0001925775,0.008050405,0.0001795736
206,0.0040316,0.003054756,0.007345658,0.0001928569,0.008093315,0.0001786099
207,0.00400577,0.003055264,0.007368014,0.0001931024,0.008134086,0.0001777046
208,0.003978548,0.003055666,0.007389447,0.000193328,0.008173421,0.0001768639
209,0.003950392,0.003055955,0.00741003,0.0001935372,0.008211534,0.0001760824
210,0.003921601,0.003056129,0.00742986,0.000193734,0.008248659,0.0001753549
211,0.003892393,0.003056192,0.007449029,0.0001939224,0.008285031,0.0001746776
212,0.003862943,0.003056145,0.007467635,0.0001941059,0.008320863,0.0001740471
213,0.003833411,0.003055993,0.007485764,0.0001942875,0.00835634,0.0001734612
214,0.003803957,0.003055739,0.007503504,0.0001944704,0.008391618,0.0001729191
215,0.003774735,0.003055385,0.007520929,0.000194657,0.008426812,0.0001724214
216,0.003745891,0.003054937,0.007538114,0.0001948498,0.008462012,0.0001719703
217,0.003716538,0.003054062,0.007553979,0.0001952408,0.00850243,0.000171522
218,0.003688722,0.003053272,0.00756551,0.0001956652,0.008515757,0.0001728136
219,0.003662154,0.003052691,0.00757794,0.0001961204,0.008530964,0.0001740648
220,0.003636585,0.003052178,0.007590684,0.0001965888,0.008547056,0.0001752609
221,0.003612013,0.003051728,0.007603653,0.000197067,0.008563769,0.0001764029
222,0.003588393,0.003051331,0.007616753,0.000197552,0.008580836,0.000177492
223,0.003565659,0.003050972,0.007629895,0.0001980408,0.008598017,0.0001785291
224,0.00354375,0.003050639,0.007643011,0.0001985318,0.008615126,0.0001795158
225,0.003522604,0.00305032,0.007656045,0.0001990234,0.008632029,0.0001804532
226,0.003502153,0.003050006,0.007668969,0.0001995154,0.008648659,0.0001813427
227,0.003482296,0.003049691,0.00768176,0.0002000077,0.008664997,0.0001821847
228,0.003462974,0.003049371,0.00769441,0.0002005006,0.008681074,0.000182979
229,0.003444132,0.003049054,0.007707335,0.0002010299,0.008700678,0.0001837239
230,0.003425391,0.003048682,0.00772306,0.0002015548,0.008698072,0.0001863602
231,0.003407435,0.003048258,0.007737997,0.0002020754,0.008693195,0.0001889653
232,0.003389804,0.003047701,0.007751983,0.0002025879,0.008686056,0.0001915271
233,0.00337248,0.003047061,0.007765307,0.0002031008,0.008677257,0.0001940479
234,0.003355478,0.003046379,0.007778168,0.0002036193,0.008667228,0.0001965272
235,0.003338796,0.003045664,0.007790658,0.0002041457,0.008656211,0.0001989613
236,0.003322412,0.003044929,0.007802852,0.0002046814,0.008644415,0.0002013472
237,0.003306347,0.003044185,0.00781481,0.0002052275,0.008632003,0.0002036816
238,0.003290621,0.003043437,0.007826575,0.0002057847,0.00861911,0.0002059616
239,0.003275253,0.003042697,0.007838183,0.0002063532,0.008605822,0.0002081842
240,0.003260254,0.003041967,0.007849647,0.0002069328,0.008592186,0.0002103462
241,0.003246682,0.003042161,0.00786343,0.0002075857,0.00858164,0.0002125139
242,0.003232645,0.003042146,0.007871686,0.0002081987,0.008592196,0.0002140248
243,0.003218902,0.003041976,0.007878536,0.0002087841,0.008599869,0.000215524
244,0.003205601,0.003041816,0.007884587,0.0002093594,0.008605526,0.0002170303
245,0.003192597,0.003041645,0.007889821,0.0002099231,0.008609113,0.0002185375
246,0.00317978,0.003041456,0.007894271,0.0002104757,0.008610668,0.0002200417
247,0.003167128,0.003041272,0.007898056,0.0002110199,0.008610344,0.0002215414
248,0.003154608,0.003041109,0.007901247,0.0002115569,0.008608216,0.0002230332
249,0.003142179,0.003040978,0.007903891,0.0002120873,0.008604315,0.000224513
250,0.003129797,0.003040885,0.007906011,0.0002126109,0.008598624,0.0002259761
251,0.003117429,0.003040838,0.00790762,0.0002131271,0.008591111,0.0002274187
252,0.003105043,0.003040835,0.007908709,0.0002136351,0.008581712,0.0002288375
253,0.003093793,0.003040308,0.007910756,0.0002143536,0.00858334,0.0002303197
254,0.003083076,0.003040187,0.007909301,0.0002151127,0.008574325,0.0002307585
255,0.003072262,0.003040191,0.007907705,0.0002158673,0.00856452,0.0002311907
256,0.003061269,0.003040276,0.007905778,0.0002166104,0.008553591,0.0002316118
257,0.003050076,0.003040435,0.007903462,0.0002173396,0.00854144,0.0002320228
258,0.003038619,0.003040643,0.007900663,0.0002180508,0.008527922,0.0002324236
259,0.003026847,0.003040884,0.007897316,0.0002187411,0.008512971,0.0002328158
260,0.003014727,0.003041144,0.007893391,0.0002194087,0.008496574,0.0002332017
261,0.00300223,0.003041415,0.007888869,0.0002200519,0.008478753,0.0002335839
262,0.002989337,0.003041692,0.007883746,0.0002206697,0.008459563,0.0002339655
263,0.002976038,0.003041972,0.007878025,0.0002212614,0.008439071,0.0002343491
264,0.002962317,0.003042253,0.007871712,0.0002218265,0.008417356,0.0002347375
265,0.002948877,0.003043123,0.007865824,0.0002223684,0.008397077,0.0002351894
266,0.002934482,0.003043845,0.007852272,0.0002228462,0.008358553,0.0002345153
267,0.002918817,0.003044449,0.007837538,0.000223269,0.008318153,0.000233813
268,0.002902213,0.003045028,0.007821972,0.0002236481,0.00827654,0.0002331046
269,0.002884759,0.003045575,0.007805593,0.0002239848,0.008233866,0.0002323969
270,0.002866528,0.003046108,0.007788491,0.0002242828,0.008190357,0.0002316983
271,0.002847546,0.00304664,0.007770726,0.0002245453,0.008146169,0.0002310147
272,0.002827807,0.003047175,0.007752331,0.0002247745,0.008101407,0.0002303499
273,0.002807295,0.003047717,0.007733339,0.0002249731,0.008056171,0.0002297071
274,0.002785984,0.003048268,0.007713773,0.0002251432,0.008010543,0.0002290885
275,0.002763848,0.003048827,0.00769367,0.000225287,0.007964611,0.0002284958
276,0.002740863,0.003049395,0.007673054,0.0002254069,0.00791847,0.0002279304
277,0.002716729,0.003048458,0.007649007,0.0002254075,0.007869006,0.000227367
278,0.002693648,0.003048012,0.007627044,0.0002254674,0.007827174,0.0002287999
279,0.002670651,0.00304786,0.007606277,0.000225555,0.007787634,0.0002302205
280,0.002647488,0.003047867,0.00758608,0.0002256501,0.007749351,0.0002315966
281,0.002624071,0.003047981,0.007566165,0.0002257435,0.007711826,0.0002329128
282,0.002600378,0.003048165,0.007546345,0.0002258294,0.007674735,0.0002341599
283,0.002576417,0.003048392,0.007526491,0.0002259041,0.007637862,0.0002353322
284,0.002552225,0.003048644,0.007506532,0.0002259652,0.007601053,0.0002364267
285,0.002527857,0.003048907,0.007486418,0.0002260116,0.00756421,0.000237442
286,0.002503375,0.00304917,0.007466117,0.0002260425,0.007527259,0.0002383776
287,0.002478853,0.003049425,0.00744561,0.0002260578,0.007490146,0.0002392329
288,0.00245437,0.003049664,0.007424891,0.0002260575,0.007452833,0.0002400075
289,0.002428991,0.003049976,0.007403913,0.0002264781,0.00743323,0.0002406005
290,0.002403943,0.003050071,0.007372247,0.0002268648,0.007422404,0.0002410811
291,0.002379379,0.003050132,0.007340461,0.0002272186,0.007410001,0.0002415741
292,0.002355374,0.003050168,0.007308611,0.0002275417,0.007396044,0.0002420755
293,0.002331957,0.003050182,0.007276734,0.0002278363,0.007380539,0.0002425802
294,0.002309044,0.003050082,0.007244652,0.0002280978,0.007363269,0.0002430751
295,0.002286728,0.003049959,0.007212703,0.0002283387,0.007344678,0.0002435694
296,0.002264958,0.003049821,0.00718094,0.0002285625,0.00732482,0.0002440594
297,0.002243652,0.00304967,0.007149389,0.000228772,0.007303728,0.0002445407
298,0.002222726,0.003049503,0.00711807,0.0002289699,0.007281432,0.0002450101
299,0.002202097,0.003049323,0.007087008,0.0002291593,0.007257983,0.0002454657
300,0.002181681,0.003049131,0.007056229,0.0002293429,0.007233437,0.0002459073
301,0.002161263,0.003049421,0.007024785,0.0002288068,0.007178775,0.0002463193
302,0.002140467,0.003049468,0.007009921,0.0002282241,0.007093313,0.000248932
303,0.002120122,0.003049358,0.006994676,0.0002276446,0.007007712,0.0002514403
304,0.002099964,0.003049099,0.006979221,0.0002270757,0.006922551,0.000253856
305,0.002079928,0.003048705,0.006963706,0.0002265235,0.006838336,0.0002561916
306,0.002060136,0.003048316,0.006948552,0.0002260024,0.006755778,0.0002584698
307,0.002040526,0.003047828,0.006933482,0.000225503,0.006674734,0.0002606818
308,0.002021218,0.003047245,0.006918565,0.0002250269,0.006595483,0.0002628365
309,0.002002363,0.003046583,0.006903892,0.0002245763,0.006518296,0.000264943
310,0.001984111,0.003045857,0.00688953,0.0002241523,0.006443376,0.0002670083
311,0.001966608,0.00304508,0.006875528,0.0002237552,0.006370866,0.0002690373
312,0.00194999,0.003044264,0.006861913,0.0002233844,0.006300861,0.0002710326
313,0.001935708,0.003044347,0.006852124,0.0002231159,0.006240405,0.0002731801
314,0.001922376,0.003044315,0.006839687,0.0002228451,0.006204794,0.0002760557
315,0.001910359,0.003044115,0.006826553,0.0002225666,0.006168863,0.0002788824
316,0.001899788,0.003043842,0.006813128,0.000222293,0.006133126,0.0002816752
317,0.001890744,0.00304353,0.006799574,0.0002220288,0.006097795,0.0002844358
318,0.00188328,0.003043198,0.006785992,0.0002217761,0.006062993,0.0002871621
319,0.001877429,0.003042859,0.006772437,0.0002215358,0.006028794,0.0002898502
320,0.001873206,0.003042521,0.006758952,0.0002213078,0.005995249,0.0002924962
321,0.001870616,0.003042187,0.006745557,0.0002210918,0.005962386,0.0002950954
322,0.001869655,0.003041861,0.006732274,0.0002208872,0.005930227,0.0002976446
323,0.001870307,0.003041546,0.006719115,0.0002206933,0.005898782,0.0003001406
324,0.001872552,0.003041245,0.006706093,0.0002205094,0.005868051,0.0003025815
325,0.001876421,0.003039981,0.006691916,0.0002203202,0.005840295,0.0003049765
326,0.001881946,0.003039193,0.006683247,0.0002202033,0.005831635,0.000305641
327,0.001888971,0.003038684,0.006675584,0.0002201255,0.005824076,0.0003063989
328,0.001897183,0.003038358,0.006668436,0.0002200688,0.005816907,0.0003072155
329,0.001906332,0.003038184,0.006661549,0.0002200242,0.005809722,0.000308072
330,0.001916218,0.003038139,0.006654716,0.0002199842,0.005802203,0.000308953
331,0.001926671,0.003038201,0.006647773,0.0002199434,0.005794088,0.0003098457
332,0.001937548,0.003038352,0.006640584,0.0002198972,0.005785178,0.0003107398
333,0.00194873,0.003038579,0.006633041,0.0002198423,0.005775307,0.0003116266
334,0.00196012,0.003038871,0.006625057,0.0002197761,0.005764351,0.0003124999
335,0.001971638,0.003039215,0.006616561,0.0002196967,0.005752208,0.0003133548
336,0.001983216,0.003039605,0.006607502,0.0002196028,0.005738809,0.0003141888
337,0.001994786,0.003039575,0.006597192,0.0002195353,0.005721861,0.0003149979
338,0.002006765,0.003039689,0.006577164,0.000219477,0.005724743,0.0003160551
339,0.002018923,0.003039867,0.006556946,0.0002194185,0.005728483,0.0003170524
340,0.002031265,0.003040094,0.006536453,0.0002193572,0.005732903,0.0003179876
341,0.002043765,0.003040357,0.006515619,0.0002192914,0.005737852,0.0003188611
342,0.002056374,0.003040654,0.006494402,0.0002192195,0.005743204,0.0003196742
343,0.002069024,0.003040979,0.006472761,0.0002191403,0.005748829,0.0003204281
344,0.002081629,0.003041333,0.006450668,0.0002190525,0.005754611,0.0003211241
345,0.00209412,0.003041715,0.006428102,0.0002189547,0.005760436,0.0003217628
346,0.002106434,0.003042125,0.006405036,0.0002188454,0.005766195,0.000322344
347,0.002118517,0.003042564,0.006381453,0.0002187232,0.005771788,0.0003228667
348,0.002130315,0.003043031,0.006357326,0.0002185866,0.005777117,0.0003233287
349,0.002141199,0.003043572,0.00633191,0.0002182768,0.005780342,0.0003236378
350,0.00215147,0.003043958,0.006304075,0.0002179406,0.005796488,0.0003250033
351,0.002161623,0.003044299,0.006275802,0.0002175935,0.005811704,0.000326279
352,0.002171584,0.003044603,0.006247183,0.0002172373,0.005826037,0.0003274665
353,0.002181313,0.003044876,0.006218312,0.0002168742,0.005839533,0.0003285681
354,0.002190773,0.003045108,0.006189226,0.0002165045,0.005852174,0.0003295832
355,0.002199902,0.003045222,0.006159844,0.0002161243,0.005863835,0.000330506
356,0.002208827,0.003045323,0.006130524,0.0002157455,0.005874868,0.0003313587
357,0.002217539,0.003045412,0.006101306,0.0002153686,0.005885252,0.0003321419
358,0.002226028,0.003045491,0.006072221,0.0002149943,0.005894951,0.0003328554
359,0.002234273,0.00304556,0.006043296,0.000214623,0.005903936,0.0003334992
360,0.002242256,0.003045618,0.006014554,0.000214255,0.005912171,0.0003340727
361,0.002250379,0.003046905,0.005987751,0.0002139651,0.00591878,0.0003346385
362,0.002257461,0.003047806,0.00595552,0.0002136041,0.005889717,0.000334371
363,0.00226307,0.003048466,0.005922096,0.0002131995,0.005861701,0.0003339947
364,0.002267665,0.003048927,0.005887832,0.0002127639,0.005835342,0.000333541
365,0.002271585,0.003049217,0.005852984,0.0002123071,0.005811096,0.0003330335
366,0.002275089,0.003049381,0.005817806,0.0002118388,0.005789365,0.0003324939
367,0.002278407,0.003049543,0.005782654,0.0002113725,0.0057706,0.0003319474
368,0.002281493,0.003049581,0.005747295,0.0002109001,0.005754566,0.0003313795
369,0.002284466,0.003049505,0.005711877,0.0002104274,0.005741483,0.0003308032
370,0.002287422,0.003049327,0.005676528,0.0002099595,0.005731552,0.0003302305
371,0.002290436,0.003049054,0.005641363,0.0002095009,0.005724961,0.0003296723
372,0.002293567,0.003048694,0.005606486,0.0002090557,0.005721894,0.0003291391
373,0.002297654,0.003048154,0.005573305,0.0002086873,0.005728937,0.0003287542
374,0.002302165,0.003047751,0.005521994,0.0002083537,0.005768206,0.0003289572
375,0.002307594,0.003047362,0.005471903,0.000208035,0.005804994,0.0003291528
376,0.00231338,0.003046991,0.005423024,0.0002077306,0.005839373,0.0003293429
377,0.002319145,0.003046636,0.005375383,0.0002074402,0.005871385,0.0003295288
378,0.002324614,0.003046296,0.005328998,0.0002071629,0.005901069,0.0003297116
379,0.002329579,0.003045966,0.005283892,0.0002068986,0.005928454,0.000329893
380,0.002333883,0.003045645,0.005240086,0.0002066468,0.00595356,0.0003300745
381,0.002337396,0.003045329,0.005197605,0.0002064073,0.00597641,0.0003302579
382,0.002340036,0.003045017,0.005156469,0.0002061802,0.005997011,0.0003304448
383,0.002341759,0.003044708,0.005116703,0.0002059655,0.006015363,0.0003306369
384,0.002342546,0.003044402,0.005078332,0.0002057634,0.006031441,0.0003308353
385,0.002342637,0.003043324,0.005041257,0.000205712,0.006049726,0.0003310738
386,0.002342737,0.003042589,0.005022772,0.0002057239,0.005978269,0.000331173
387,0.002342882,0.003042029,0.00500585,0.0002057694,0.005908553,0.0003313578
388,0.002342803,0.003041615,0.004990268,0.0002058399,0.005840366,0.0003316074
389,0.002342363,0.003041327,0.004975844,0.0002059283,0.005773576,0.0003319052
390,0.002341488,0.003041141,0.004962414,0.0002060287,0.005708112,0.0003322373
391,0.002340149,0.003041043,0.004949856,0.0002061365,0.005643968,0.000332593
392,0.002338354,0.003041012,0.004938063,0.0002062475,0.005581171,0.0003329631
393,0.002336105,0.00304099,0.004926882,0.0002063555,0.005519717,0.0003333365
394,0.002333524,0.00304102,0.004916382,0.0002064638,0.005459889,0.0003337198
395,0.002330657,0.003041093,0.0049065,0.0002065703,0.005401809,0.0003341093
396,0.002327553,0.003041204,0.004897193,0.0002066735,0.005345621,0.0003345024
