Index,1,2,3,4,5,6,7,8,9,10,11,12,13,14,15,16,17,18,19,20,21,22,
Image,,,,,,,,,,,,,,,,,,,,,,,
Name,"striped bass 0","striped bass 2-5","striped bass 6+","menhaden 0","menhaden 1","menhaden 2","menhaden 3","menhaden 4","menhaden 5","menhaden 6+","spiny dogfish","bluefish juv","bluefish adult","weakfish juv","weakfish adult","Atlantic herring 0-1","Atlantic herring 2+",anchovies,benthos,zooplankton,phytoplankton,Detritus,
1985,0.0001882295,0.08935049,0.1737976,0.003576512,0.05431661,0.42908,0.580156,0.4663223,0.3765889,0.1419948,0.01893923,1.088567,0.2829107,0.01086975,0.222037,0.4516074,0.3950204,0,0,0,0,0,
February,0.0001882295,0.08935049,0.1737976,0.003576512,0.05431661,0.42908,0.580156,0.4663223,0.3765889,0.1419948,0.01893923,1.088567,0.2829107,0.01086975,0.222037,0.4516074,0.3950204,0,0,0,0,0,
March,0.0001882295,0.08935049,0.1737976,0.003576512,0.05431661,0.42908,0.580156,0.4663223,0.3765889,0.1419948,0.01893923,1.088567,0.2829107,0.01086975,0.222037,0.4516074,0.3950204,0,0,0,0,0,
April,0.0001882295,0.08935049,0.1737976,0.003576512,0.05431661,0.42908,0.580156,0.4663223,0.3765889,0.1419948,0.01893923,1.088567,0.2829107,0.01086975,0.222037,0.4516074,0.3950204,0,0,0,0,0,
May,0.0001882295,0.08935049,0.1737976,0.003576512,0.05431661,0.42908,0.580156,0.4663223,0.3765889,0.1419948,0.01893923,1.088567,0.2829107,0.01086975,0.222037,0.4516074,0.3950204,0,0,0,0,0,
June,0.0001882295,0.08935049,0.1737976,0.003576512,0.05431661,0.42908,0.580156,0.4663223,0.3765889,0.1419948,0.01893923,1.088567,0.2829107,0.01086975,0.222037,0.4516074,0.3950204,0,0,0,0,0,
July,0.0001882295,0.08935049,0.1737976,0.003576512,0.05431661,0.42908,0.580156,0.4663223,0.3765889,0.1419948,0.01893923,1.088567,0.2829107,0.01086975,0.222037,0.4516074,0.3950204,0,0,0,0,0,
August,0.0001882295,0.08935049,0.1737976,0.003576512,0.05431661,0.42908,0.580156,0.4663223,0.3765889,0.1419948,0.01893923,1.088567,0.2829107,0.01086975,0.222037,0.4516074,0.3950204,0,0,0,0,0,
September,0.0001882295,0.08935049,0.1737976,0.003576512,0.05431661,0.42908,0.580156,0.4663223,0.3765889,0.1419948,0.01893923,1.088567,0.2829107,0.01086975,0.222037,0.4516074,0.3950204,0,0,0,0,0,
October,0.0001882295,0.08935049,0.1737976,0.003576512,0.05431661,0.42908,0.580156,0.4663223,0.3765889,0.1419948,0.01893923,1.088567,0.2829107,0.01086975,0.222037,0.4516074,0.3950204,0,0,0,0,0,
November,0.0001882295,0.08935049,0.1737976,0.003576512,0.05431661,0.42908,0.580156,0.4663223,0.3765889,0.1419948,0.01893923,1.088567,0.2829107,0.01086975,0.222037,0.4516074,0.3950204,0,0,0,0,0,
December,0.0001882295,0.08935049,0.1737976,0.003576512,0.05431661,0.42908,0.580156,0.4663223,0.3765889,0.1419948,0.01893923,1.088567,0.2829107,0.01086975,0.222037,0.4516074,0.3950204,0,0,0,0,0,
1986,0.0001882295,0.0987844,0.1442665,0.002414426,0.03548559,0.2266677,0.2598439,0.1834647,0.1232711,0.04507257,0.01893923,1.083504,0.7180001,0.01705109,0.3276199,0.04967128,0.3360771,0,0,0,0,0,
February,0.0001882295,0.0987844,0.1442665,0.002414426,0.03548559,0.2266677,0.2598439,0.1834647,0.1232711,0.04507257,0.01893923,1.083504,0.7180001,0.01705109,0.3276199,0.04967128,0.3360771,0,0,0,0,0,
March,0.0001882295,0.0987844,0.1442665,0.002414426,0.03548559,0.2266677,0.2598439,0.1834647,0.1232711,0.04507257,0.01893923,1.083504,0.7180001,0.01705109,0.3276199,0.04967128,0.3360771,0,0,0,0,0,
April,0.0001882295,0.0987844,0.1442665,0.002414426,0.03548559,0.2266677,0.2598439,0.1834647,0.1232711,0.04507257,0.01893923,1.083504,0.7180001,0.01705109,0.3276199,0.04967128,0.3360771,0,0,0,0,0,
May,0.0001882295,0.0987844,0.1442665,0.002414426,0.03548559,0.2266677,0.2598439,0.1834647,0.1232711,0.04507257,0.01893923,1.083504,0.7180001,0.01705109,0.3276199,0.04967128,0.3360771,0,0,0,0,0,
June,0.0001882295,0.0987844,0.1442665,0.002414426,0.03548559,0.2266677,0.2598439,0.1834647,0.1232711,0.04507257,0.01893923,1.083504,0.7180001,0.01705109,0.3276199,0.04967128,0.3360771,0,0,0,0,0,
July,0.0001882295,0.0987844,0.1442665,0.002414426,0.03548559,0.2266677,0.2598439,0.1834647,0.1232711,0.04507257,0.01893923,1.083504,0.7180001,0.01705109,0.3276199,0.04967128,0.3360771,0,0,0,0,0,
August,0.0001882295,0.0987844,0.1442665,0.002414426,0.03548559,0.2266677,0.2598439,0.1834647,0.1232711,0.04507257,0.01893923,1.083504,0.7180001,0.01705109,0.3276199,0.04967128,0.3360771,0,0,0,0,0,
September,0.0001882295,0.0987844,0.1442665,0.002414426,0.03548559,0.2266677,0.2598439,0.1834647,0.1232711,0.04507257,0.01893923,1.083504,0.7180001,0.01705109,0.3276199,0.04967128,0.3360771,0,0,0,0,0,
October,0.0001882295,0.0987844,0.1442665,0.002414426,0.03548559,0.2266677,0.2598439,0.1834647,0.1232711,0.04507257,0.01893923,1.083504,0.7180001,0.01705109,0.3276199,0.04967128,0.3360771,0,0,0,0,0,
November,0.0001882295,0.0987844,0.1442665,0.002414426,0.03548559,0.2266677,0.2598439,0.1834647,0.1232711,0.04507257,0.01893923,1.083504,0.7180001,0.01705109,0.3276199,0.04967128,0.3360771,0,0,0,0,0,
December,0.0001882295,0.0987844,0.1442665,0.002414426,0.03548559,0.2266677,0.2598439,0.1834647,0.1232711,0.04507257,0.01893923,1.083504,0.7180001,0.01705109,0.3276199,0.04967128,0.3360771,0,0,0,0,0,
1987,0.0001882295,0.0665535,0.06589811,0.003063653,0.04508767,0.2930708,0.3287587,0.2329785,0.1677528,0.06412988,0.01893923,2.179142,0.7483844,0.02150407,0.263965,0.4621631,0.2620094,0,0,0,0,0,
February,0.0001882295,0.0665535,0.06589811,0.003063653,0.04508767,0.2930708,0.3287587,0.2329785,0.1677528,0.06412988,0.01893923,2.179142,0.7483844,0.02150407,0.263965,0.4621631,0.2620094,0,0,0,0,0,
March,0.0001882295,0.0665535,0.06589811,0.003063653,0.04508767,0.2930708,0.3287587,0.2329785,0.1677528,0.06412988,0.01893923,2.179142,0.7483844,0.02150407,0.263965,0.4621631,0.2620094,0,0,0,0,0,
April,0.0001882295,0.0665535,0.06589811,0.003063653,0.04508767,0.2930708,0.3287587,0.2329785,0.1677528,0.06412988,0.01893923,2.179142,0.7483844,0.02150407,0.263965,0.4621631,0.2620094,0,0,0,0,0,
May,0.0001882295,0.0665535,0.06589811,0.003063653,0.04508767,0.2930708,0.3287587,0.2329785,0.1677528,0.06412988,0.01893923,2.179142,0.7483844,0.02150407,0.263965,0.4621631,0.2620094,0,0,0,0,0,
June,0.0001882295,0.0665535,0.06589811,0.003063653,0.04508767,0.2930708,0.3287587,0.2329785,0.1677528,0.06412988,0.01893923,2.179142,0.7483844,0.02150407,0.263965,0.4621631,0.2620094,0,0,0,0,0,
July,0.0001882295,0.0665535,0.06589811,0.003063653,0.04508767,0.2930708,0.3287587,0.2329785,0.1677528,0.06412988,0.01893923,2.179142,0.7483844,0.02150407,0.263965,0.4621631,0.2620094,0,0,0,0,0,
August,0.0001882295,0.0665535,0.06589811,0.003063653,0.04508767,0.2930708,0.3287587,0.2329785,0.1677528,0.06412988,0.01893923,2.179142,0.7483844,0.02150407,0.263965,0.4621631,0.2620094,0,0,0,0,0,
September,0.0001882295,0.0665535,0.06589811,0.003063653,0.04508767,0.2930708,0.3287587,0.2329785,0.1677528,0.06412988,0.01893923,2.179142,0.7483844,0.02150407,0.263965,0.4621631,0.2620094,0,0,0,0,0,
October,0.0001882295,0.0665535,0.06589811,0.003063653,0.04508767,0.2930708,0.3287587,0.2329785,0.1677528,0.06412988,0.01893923,2.179142,0.7483844,0.02150407,0.263965,0.4621631,0.2620094,0,0,0,0,0,
November,0.0001882295,0.0665535,0.06589811,0.003063653,0.04508767,0.2930708,0.3287587,0.2329785,0.1677528,0.06412988,0.01893923,2.179142,0.7483844,0.02150407,0.263965,0.4621631,0.2620094,0,0,0,0,0,
December,0.0001882295,0.0665535,0.06589811,0.003063653,0.04508767,0.2930708,0.3287587,0.2329785,0.1677528,0.06412988,0.01893923,2.179142,0.7483844,0.02150407,0.263965,0.4621631,0.2620094,0,0,0,0,0,
1988,0.0001882295,0.03442877,0.1711593,0.003950942,0.05939573,0.3814817,0.4127158,0.2838592,0.1915432,0.07252684,0.01893923,0.5859821,0.7208907,0.02517006,0.536602,0.05371143,0.3091995,0,0,0,0,0,
February,0.0001882295,0.03442877,0.1711593,0.003950942,0.05939573,0.3814817,0.4127158,0.2838592,0.1915432,0.07252684,0.01893923,0.5859821,0.7208907,0.02517006,0.536602,0.05371143,0.3091995,0,0,0,0,0,
March,0.0001882295,0.03442877,0.1711593,0.003950942,0.05939573,0.3814817,0.4127158,0.2838592,0.1915432,0.07252684,0.01893923,0.5859821,0.7208907,0.02517006,0.536602,0.05371143,0.3091995,0,0,0,0,0,
April,0.0001882295,0.03442877,0.1711593,0.003950942,0.05939573,0.3814817,0.4127158,0.2838592,0.1915432,0.07252684,0.01893923,0.5859821,0.7208907,0.02517006,0.536602,0.05371143,0.3091995,0,0,0,0,0,
May,0.0001882295,0.03442877,0.1711593,0.003950942,0.05939573,0.3814817,0.4127158,0.2838592,0.1915432,0.07252684,0.01893923,0.5859821,0.7208907,0.02517006,0.536602,0.05371143,0.3091995,0,0,0,0,0,
June,0.0001882295,0.03442877,0.1711593,0.003950942,0.05939573,0.3814817,0.4127158,0.2838592,0.1915432,0.07252684,0.01893923,0.5859821,0.7208907,0.02517006,0.536602,0.05371143,0.3091995,0,0,0,0,0,
July,0.0001882295,0.03442877,0.1711593,0.003950942,0.05939573,0.3814817,0.4127158,0.2838592,0.1915432,0.07252684,0.01893923,0.5859821,0.7208907,0.02517006,0.536602,0.05371143,0.3091995,0,0,0,0,0,
August,0.0001882295,0.03442877,0.1711593,0.003950942,0.05939573,0.3814817,0.4127158,0.2838592,0.1915432,0.07252684,0.01893923,0.5859821,0.7208907,0.02517006,0.536602,0.05371143,0.3091995,0,0,0,0,0,
September,0.0001882295,0.03442877,0.1711593,0.003950942,0.05939573,0.3814817,0.4127158,0.2838592,0.1915432,0.07252684,0.01893923,0.5859821,0.7208907,0.02517006,0.536602,0.05371143,0.3091995,0,0,0,0,0,
October,0.0001882295,0.03442877,0.1711593,0.003950942,0.05939573,0.3814817,0.4127158,0.2838592,0.1915432,0.07252684,0.01893923,0.5859821,0.7208907,0.02517006,0.536602,0.05371143,0.3091995,0,0,0,0,0,
November,0.0001882295,0.03442877,0.1711593,0.003950942,0.05939573,0.3814817,0.4127158,0.2838592,0.1915432,0.07252684,0.01893923,0.5859821,0.7208907,0.02517006,0.536602,0.05371143,0.3091995,0,0,0,0,0,
December,0.0001882295,0.03442877,0.1711593,0.003950942,0.05939573,0.3814817,0.4127158,0.2838592,0.1915432,0.07252684,0.01893923,0.5859821,0.7208907,0.02517006,0.536602,0.05371143,0.3091995,0,0,0,0,0,
1989,0.0001882295,0.01877306,0.04373693,0.0037644,0.05641253,0.3992698,0.49255,0.3724866,0.2809508,0.105549,0.01893923,0.7547276,0.3753387,0.02955609,0.4064258,0.02058613,0.2674867,0,0,0,0,0,
February,0.0001882295,0.01877306,0.04373693,0.0037644,0.05641253,0.3992698,0.49255,0.3724866,0.2809508,0.105549,0.01893923,0.7547276,0.3753387,0.02955609,0.4064258,0.02058613,0.2674867,0,0,0,0,0,
March,0.0001882295,0.01877306,0.04373693,0.0037644,0.05641253,0.3992698,0.49255,0.3724866,0.2809508,0.105549,0.01893923,0.7547276,0.3753387,0.02955609,0.4064258,0.02058613,0.2674867,0,0,0,0,0,
April,0.0001882295,0.01877306,0.04373693,0.0037644,0.05641253,0.3992698,0.49255,0.3724866,0.2809508,0.105549,0.01893923,0.7547276,0.3753387,0.02955609,0.4064258,0.02058613,0.2674867,0,0,0,0,0,
May,0.0001882295,0.01877306,0.04373693,0.0037644,0.05641253,0.3992698,0.49255,0.3724866,0.2809508,0.105549,0.01893923,0.7547276,0.3753387,0.02955609,0.4064258,0.02058613,0.2674867,0,0,0,0,0,
June,0.0001882295,0.01877306,0.04373693,0.0037644,0.05641253,0.3992698,0.49255,0.3724866,0.2809508,0.105549,0.01893923,0.7547276,0.3753387,0.02955609,0.4064258,0.02058613,0.2674867,0,0,0,0,0,
July,0.0001882295,0.01877306,0.04373693,0.0037644,0.05641253,0.3992698,0.49255,0.3724866,0.2809508,0.105549,0.01893923,0.7547276,0.3753387,0.02955609,0.4064258,0.02058613,0.2674867,0,0,0,0,0,
August,0.0001882295,0.01877306,0.04373693,0.0037644,0.05641253,0.3992698,0.49255,0.3724866,0.2809508,0.105549,0.01893923,0.7547276,0.3753387,0.02955609,0.4064258,0.02058613,0.2674867,0,0,0,0,0,
September,0.0001882295,0.01877306,0.04373693,0.0037644,0.05641253,0.3992698,0.49255,0.3724866,0.2809508,0.105549,0.01893923,0.7547276,0.3753387,0.02955609,0.4064258,0.02058613,0.2674867,0,0,0,0,0,
October,0.0001882295,0.01877306,0.04373693,0.0037644,0.05641253,0.3992698,0.49255,0.3724866,0.2809508,0.105549,0.01893923,0.7547276,0.3753387,0.02955609,0.4064258,0.02058613,0.2674867,0,0,0,0,0,
November,0.0001882295,0.01877306,0.04373693,0.0037644,0.05641253,0.3992698,0.49255,0.3724866,0.2809508,0.105549,0.01893923,0.7547276,0.3753387,0.02955609,0.4064258,0.02058613,0.2674867,0,0,0,0,0,
December,0.0001882295,0.01877306,0.04373693,0.0037644,0.05641253,0.3992698,0.49255,0.3724866,0.2809508,0.105549,0.01893923,0.7547276,0.3753387,0.02955609,0.4064258,0.02058613,0.2674867,0,0,0,0,0,
1990,0.0001882295,0.009358025,0.02578593,0.002826328,0.04200935,0.326849,0.4561178,0.3683697,0.2918078,0.1078725,0.01893923,0.436498,0.4395059,0.08295415,0.19066,0.008873817,0.2048837,0,0,0,0,0,
February,0.0001882295,0.009358025,0.02578593,0.002826328,0.04200935,0.326849,0.4561178,0.3683697,0.2918078,0.1078725,0.01893923,0.436498,0.4395059,0.08295415,0.19066,0.008873817,0.2048837,0,0,0,0,0,
March,0.0001882295,0.009358025,0.02578593,0.002826328,0.04200935,0.326849,0.4561178,0.3683697,0.2918078,0.1078725,0.01893923,0.436498,0.4395059,0.08295415,0.19066,0.008873817,0.2048837,0,0,0,0,0,
April,0.0001882295,0.009358025,0.02578593,0.002826328,0.04200935,0.326849,0.4561178,0.3683697,0.2918078,0.1078725,0.01893923,0.436498,0.4395059,0.08295415,0.19066,0.008873817,0.2048837,0,0,0,0,0,
May,0.0001882295,0.009358025,0.02578593,0.002826328,0.04200935,0.326849,0.4561178,0.3683697,0.2918078,0.1078725,0.01893923,0.436498,0.4395059,0.08295415,0.19066,0.008873817,0.2048837,0,0,0,0,0,
June,0.0001882295,0.009358025,0.02578593,0.002826328,0.04200935,0.326849,0.4561178,0.3683697,0.2918078,0.1078725,0.01893923,0.436498,0.4395059,0.08295415,0.19066,0.008873817,0.2048837,0,0,0,0,0,
July,0.0001882295,0.009358025,0.02578593,0.002826328,0.04200935,0.326849,0.4561178,0.3683697,0.2918078,0.1078725,0.01893923,0.436498,0.4395059,0.08295415,0.19066,0.008873817,0.2048837,0,0,0,0,0,
August,0.0001882295,0.009358025,0.02578593,0.002826328,0.04200935,0.326849,0.4561178,0.3683697,0.2918078,0.1078725,0.01893923,0.436498,0.4395059,0.08295415,0.19066,0.008873817,0.2048837,0,0,0,0,0,
September,0.0001882295,0.009358025,0.02578593,0.002826328,0.04200935,0.326849,0.4561178,0.3683697,0.2918078,0.1078725,0.01893923,0.436498,0.4395059,0.08295415,0.19066,0.008873817,0.2048837,0,0,0,0,0,
October,0.0001882295,0.009358025,0.02578593,0.002826328,0.04200935,0.326849,0.4561178,0.3683697,0.2918078,0.1078725,0.01893923,0.436498,0.4395059,0.08295415,0.19066,0.008873817,0.2048837,0,0,0,0,0,
November,0.0001882295,0.009358025,0.02578593,0.002826328,0.04200935,0.326849,0.4561178,0.3683697,0.2918078,0.1078725,0.01893923,0.436498,0.4395059,0.08295415,0.19066,0.008873817,0.2048837,0,0,0,0,0,
December,0.0001882295,0.009358025,0.02578593,0.002826328,0.04200935,0.326849,0.4561178,0.3683697,0.2918078,0.1078725,0.01893923,0.436498,0.4395059,0.08295415,0.19066,0.008873817,0.2048837,0,0,0,0,0,
1991,0.0001882295,0.01292474,0.03179315,0.003050237,0.04471824,0.3058487,0.3784885,0.2838389,0.2093296,0.07757523,0.01893923,0.8439185,0.4685323,0.03170458,0.3239949,0.003791899,0.1871812,0,0,0,0,0,
February,0.0001882295,0.01292474,0.03179315,0.003050237,0.04471824,0.3058487,0.3784885,0.2838389,0.2093296,0.07757523,0.01893923,0.8439185,0.4685323,0.03170458,0.3239949,0.003791899,0.1871812,0,0,0,0,0,
March,0.0001882295,0.01292474,0.03179315,0.003050237,0.04471824,0.3058487,0.3784885,0.2838389,0.2093296,0.07757523,0.01893923,0.8439185,0.4685323,0.03170458,0.3239949,0.003791899,0.1871812,0,0,0,0,0,
April,0.0001882295,0.01292474,0.03179315,0.003050237,0.04471824,0.3058487,0.3784885,0.2838389,0.2093296,0.07757523,0.01893923,0.8439185,0.4685323,0.03170458,0.3239949,0.003791899,0.1871812,0,0,0,0,0,
May,0.0001882295,0.01292474,0.03179315,0.003050237,0.04471824,0.3058487,0.3784885,0.2838389,0.2093296,0.07757523,0.01893923,0.8439185,0.4685323,0.03170458,0.3239949,0.003791899,0.1871812,0,0,0,0,0,
June,0.0001882295,0.01292474,0.03179315,0.003050237,0.04471824,0.3058487,0.3784885,0.2838389,0.2093296,0.07757523,0.01893923,0.8439185,0.4685323,0.03170458,0.3239949,0.003791899,0.1871812,0,0,0,0,0,
July,0.0001882295,0.01292474,0.03179315,0.003050237,0.04471824,0.3058487,0.3784885,0.2838389,0.2093296,0.07757523,0.01893923,0.8439185,0.4685323,0.03170458,0.3239949,0.003791899,0.1871812,0,0,0,0,0,
August,0.0001882295,0.01292474,0.03179315,0.003050237,0.04471824,0.3058487,0.3784885,0.2838389,0.2093296,0.07757523,0.01893923,0.8439185,0.4685323,0.03170458,0.3239949,0.003791899,0.1871812,0,0,0,0,0,
September,0.0001882295,0.01292474,0.03179315,0.003050237,0.04471824,0.3058487,0.3784885,0.2838389,0.2093296,0.07757523,0.01893923,0.8439185,0.4685323,0.03170458,0.3239949,0.003791899,0.1871812,0,0,0,0,0,
October,0.0001882295,0.01292474,0.03179315,0.003050237,0.04471824,0.3058487,0.3784885,0.2838389,0.2093296,0.07757523,0.01893923,0.8439185,0.4685323,0.03170458,0.3239949,0.003791899,0.1871812,0,0,0,0,0,
November,0.0001882295,0.01292474,0.03179315,0.003050237,0.04471824,0.3058487,0.3784885,0.2838389,0.2093296,0.07757523,0.01893923,0.8439185,0.4685323,0.03170458,0.3239949,0.003791899,0.1871812,0,0,0,0,0,
December,0.0001882295,0.01292474,0.03179315,0.003050237,0.04471824,0.3058487,0.3784885,0.2838389,0.2093296,0.07757523,0.01893923,0.8439185,0.4685323,0.03170458,0.3239949,0.003791899,0.1871812,0,0,0,0,0,
1992,0.0001882295,0.01347257,0.04084716,0.001750645,0.02608856,0.1991176,0.2862545,0.2303762,0.171407,0.06066368,0.01893923,0.6121774,0.4503914,0.01636514,0.3056806,0.000836592,0.1924376,0,0,0,0,0,
February,0.0001882295,0.01347257,0.04084716,0.001750645,0.02608856,0.1991176,0.2862545,0.2303762,0.171407,0.06066368,0.01893923,0.6121774,0.4503914,0.01636514,0.3056806,0.000836592,0.1924376,0,0,0,0,0,
March,0.0001882295,0.01347257,0.04084716,0.001750645,0.02608856,0.1991176,0.2862545,0.2303762,0.171407,0.06066368,0.01893923,0.6121774,0.4503914,0.01636514,0.3056806,0.000836592,0.1924376,0,0,0,0,0,
April,0.0001882295,0.01347257,0.04084716,0.001750645,0.02608856,0.1991176,0.2862545,0.2303762,0.171407,0.06066368,0.01893923,0.6121774,0.4503914,0.01636514,0.3056806,0.000836592,0.1924376,0,0,0,0,0,
May,0.0001882295,0.01347257,0.04084716,0.001750645,0.02608856,0.1991176,0.2862545,0.2303762,0.171407,0.06066368,0.01893923,0.6121774,0.4503914,0.01636514,0.3056806,0.000836592,0.1924376,0,0,0,0,0,
June,0.0001882295,0.01347257,0.04084716,0.001750645,0.02608856,0.1991176,0.2862545,0.2303762,0.171407,0.06066368,0.01893923,0.6121774,0.4503914,0.01636514,0.3056806,0.000836592,0.1924376,0,0,0,0,0,
July,0.0001882295,0.01347257,0.04084716,0.001750645,0.02608856,0.1991176,0.2862545,0.2303762,0.171407,0.06066368,0.01893923,0.6121774,0.4503914,0.01636514,0.3056806,0.000836592,0.1924376,0,0,0,0,0,
August,0.0001882295,0.01347257,0.04084716,0.001750645,0.02608856,0.1991176,0.2862545,0.2303762,0.171407,0.06066368,0.01893923,0.6121774,0.4503914,0.01636514,0.3056806,0.000836592,0.1924376,0,0,0,0,0,
September,0.0001882295,0.01347257,0.04084716,0.001750645,0.02608856,0.1991176,0.2862545,0.2303762,0.171407,0.06066368,0.01893923,0.6121774,0.4503914,0.01636514,0.3056806,0.000836592,0.1924376,0,0,0,0,0,
October,0.0001882295,0.01347257,0.04084716,0.001750645,0.02608856,0.1991176,0.2862545,0.2303762,0.171407,0.06066368,0.01893923,0.6121774,0.4503914,0.01636514,0.3056806,0.000836592,0.1924376,0,0,0,0,0,
November,0.0001882295,0.01347257,0.04084716,0.001750645,0.02608856,0.1991176,0.2862545,0.2303762,0.171407,0.06066368,0.01893923,0.6121774,0.4503914,0.01636514,0.3056806,0.000836592,0.1924376,0,0,0,0,0,
December,0.0001882295,0.01347257,0.04084716,0.001750645,0.02608856,0.1991176,0.2862545,0.2303762,0.171407,0.06066368,0.01893923,0.6121774,0.4503914,0.01636514,0.3056806,0.000836592,0.1924376,0,0,0,0,0,
1993,0.0001882295,0.02629584,0.05770249,0.001940259,0.02826497,0.1767695,0.202164,0.1413303,0.09215622,0.03318014,0.01893923,0.3791379,0.4382525,0.006648863,0.1341434,0.002545365,0.1733349,0,0,0,0,0,
February,0.0001882295,0.02629584,0.05770249,0.001940259,0.02826497,0.1767695,0.202164,0.1413303,0.09215622,0.03318014,0.01893923,0.3791379,0.4382525,0.006648863,0.1341434,0.002545365,0.1733349,0,0,0,0,0,
March,0.0001882295,0.02629584,0.05770249,0.001940259,0.02826497,0.1767695,0.202164,0.1413303,0.09215622,0.03318014,0.01893923,0.3791379,0.4382525,0.006648863,0.1341434,0.002545365,0.1733349,0,0,0,0,0,
April,0.0001882295,0.02629584,0.05770249,0.001940259,0.02826497,0.1767695,0.202164,0.1413303,0.09215622,0.03318014,0.01893923,0.3791379,0.4382525,0.006648863,0.1341434,0.002545365,0.1733349,0,0,0,0,0,
May,0.0001882295,0.02629584,0.05770249,0.001940259,0.02826497,0.1767695,0.202164,0.1413303,0.09215622,0.03318014,0.01893923,0.3791379,0.4382525,0.006648863,0.1341434,0.002545365,0.1733349,0,0,0,0,0,
June,0.0001882295,0.02629584,0.05770249,0.001940259,0.02826497,0.1767695,0.202164,0.1413303,0.09215622,0.03318014,0.01893923,0.3791379,0.4382525,0.006648863,0.1341434,0.002545365,0.1733349,0,0,0,0,0,
July,0.0001882295,0.02629584,0.05770249,0.001940259,0.02826497,0.1767695,0.202164,0.1413303,0.09215622,0.03318014,0.01893923,0.3791379,0.4382525,0.006648863,0.1341434,0.002545365,0.1733349,0,0,0,0,0,
August,0.0001882295,0.02629584,0.05770249,0.001940259,0.02826497,0.1767695,0.202164,0.1413303,0.09215622,0.03318014,0.01893923,0.3791379,0.4382525,0.006648863,0.1341434,0.002545365,0.1733349,0,0,0,0,0,
September,0.0001882295,0.02629584,0.05770249,0.001940259,0.02826497,0.1767695,0.202164,0.1413303,0.09215622,0.03318014,0.01893923,0.3791379,0.4382525,0.006648863,0.1341434,0.002545365,0.1733349,0,0,0,0,0,
October,0.0001882295,0.02629584,0.05770249,0.001940259,0.02826497,0.1767695,0.202164,0.1413303,0.09215622,0.03318014,0.01893923,0.3791379,0.4382525,0.006648863,0.1341434,0.002545365,0.1733349,0,0,0,0,0,
November,0.0001882295,0.02629584,0.05770249,0.001940259,0.02826497,0.1767695,0.202164,0.1413303,0.09215622,0.03318014,0.01893923,0.3791379,0.4382525,0.006648863,0.1341434,0.002545365,0.1733349,0,0,0,0,0,
December,0.0001882295,0.02629584,0.05770249,0.001940259,0.02826497,0.1767695,0.202164,0.1413303,0.09215622,0.03318014,0.01893923,0.3791379,0.4382525,0.006648863,0.1341434,0.002545365,0.1733349,0,0,0,0,0,
1994,0.0001882295,0.03510695,0.08081331,0.001895403,0.02774079,0.1632961,0.1755532,0.1158435,0.05754307,0.0126322,0.01893923,0.3953485,0.4355033,0.01084804,0.1127268,0.002346333,0.1576365,0,0,0,0,0,
February,0.0001882295,0.03510695,0.08081331,0.001895403,0.02774079,0.1632961,0.1755532,0.1158435,0.05754307,0.0126322,0.01893923,0.3953485,0.4355033,0.01084804,0.1127268,0.002346333,0.1576365,0,0,0,0,0,
March,0.0001882295,0.03510695,0.08081331,0.001895403,0.02774079,0.1632961,0.1755532,0.1158435,0.05754307,0.0126322,0.01893923,0.3953485,0.4355033,0.01084804,0.1127268,0.002346333,0.1576365,0,0,0,0,0,
April,0.0001882295,0.03510695,0.08081331,0.001895403,0.02774079,0.1632961,0.1755532,0.1158435,0.05754307,0.0126322,0.01893923,0.3953485,0.4355033,0.01084804,0.1127268,0.002346333,0.1576365,0,0,0,0,0,
May,0.0001882295,0.03510695,0.08081331,0.001895403,0.02774079,0.1632961,0.1755532,0.1158435,0.05754307,0.0126322,0.01893923,0.3953485,0.4355033,0.01084804,0.1127268,0.002346333,0.1576365,0,0,0,0,0,
June,0.0001882295,0.03510695,0.08081331,0.001895403,0.02774079,0.1632961,0.1755532,0.1158435,0.05754307,0.0126322,0.01893923,0.3953485,0.4355033,0.01084804,0.1127268,0.002346333,0.1576365,0,0,0,0,0,
July,0.0001882295,0.03510695,0.08081331,0.001895403,0.02774079,0.1632961,0.1755532,0.1158435,0.05754307,0.0126322,0.01893923,0.3953485,0.4355033,0.01084804,0.1127268,0.002346333,0.1576365,0,0,0,0,0,
August,0.0001882295,0.03510695,0.08081331,0.001895403,0.02774079,0.1632961,0.1755532,0.1158435,0.05754307,0.0126322,0.01893923,0.3953485,0.4355033,0.01084804,0.1127268,0.002346333,0.1576365,0,0,0,0,0,
September,0.0001882295,0.03510695,0.08081331,0.001895403,0.02774079,0.1632961,0.1755532,0.1158435,0.05754307,0.0126322,0.01893923,0.3953485,0.4355033,0.01084804,0.1127268,0.002346333,0.1576365,0,0,0,0,0,
October,0.0001882295,0.03510695,0.08081331,0.001895403,0.02774079,0.1632961,0.1755532,0.1158435,0.05754307,0.0126322,0.01893923,0.3953485,0.4355033,0.01084804,0.1127268,0.002346333,0.1576365,0,0,0,0,0,
November,0.0001882295,0.03510695,0.08081331,0.001895403,0.02774079,0.1632961,0.1755532,0.1158435,0.05754307,0.0126322,0.01893923,0.3953485,0.4355033,0.01084804,0.1127268,0.002346333,0.1576365,0,0,0,0,0,
December,0.0001882295,0.03510695,0.08081331,0.001895403,0.02774079,0.1632961,0.1755532,0.1158435,0.05754307,0.0126322,0.01893923,0.3953485,0.4355033,0.01084804,0.1127268,0.002346333,0.1576365,0,0,0,0,0,
1995,0.0001882295,0.03994861,0.1034025,0.002173212,0.03223452,0.2107295,0.2650202,0.1977306,0.1067505,0.01459865,0.01893923,0.2263803,0.328009,0.00976695,0.1016585,0.02012837,0.248686,0,0,0,0,0,
February,0.0001882295,0.03994861,0.1034025,0.002173212,0.03223452,0.2107295,0.2650202,0.1977306,0.1067505,0.01459865,0.01893923,0.2263803,0.328009,0.00976695,0.1016585,0.02012837,0.248686,0,0,0,0,0,
March,0.0001882295,0.03994861,0.1034025,0.002173212,0.03223452,0.2107295,0.2650202,0.1977306,0.1067505,0.01459865,0.01893923,0.2263803,0.328009,0.00976695,0.1016585,0.02012837,0.248686,0,0,0,0,0,
April,0.0001882295,0.03994861,0.1034025,0.002173212,0.03223452,0.2107295,0.2650202,0.1977306,0.1067505,0.01459865,0.01893923,0.2263803,0.328009,0.00976695,0.1016585,0.02012837,0.248686,0,0,0,0,0,
May,0.0001882295,0.03994861,0.1034025,0.002173212,0.03223452,0.2107295,0.2650202,0.1977306,0.1067505,0.01459865,0.01893923,0.2263803,0.328009,0.00976695,0.1016585,0.02012837,0.248686,0,0,0,0,0,
June,0.0001882295,0.03994861,0.1034025,0.002173212,0.03223452,0.2107295,0.2650202,0.1977306,0.1067505,0.01459865,0.01893923,0.2263803,0.328009,0.00976695,0.1016585,0.02012837,0.248686,0,0,0,0,0,
July,0.0001882295,0.03994861,0.1034025,0.002173212,0.03223452,0.2107295,0.2650202,0.1977306,0.1067505,0.01459865,0.01893923,0.2263803,0.328009,0.00976695,0.1016585,0.02012837,0.248686,0,0,0,0,0,
August,0.0001882295,0.03994861,0.1034025,0.002173212,0.03223452,0.2107295,0.2650202,0.1977306,0.1067505,0.01459865,0.01893923,0.2263803,0.328009,0.00976695,0.1016585,0.02012837,0.248686,0,0,0,0,0,
September,0.0001882295,0.03994861,0.1034025,0.002173212,0.03223452,0.2107295,0.2650202,0.1977306,0.1067505,0.01459865,0.01893923,0.2263803,0.328009,0.00976695,0.1016585,0.02012837,0.248686,0,0,0,0,0,
October,0.0001882295,0.03994861,0.1034025,0.002173212,0.03223452,0.2107295,0.2650202,0.1977306,0.1067505,0.01459865,0.01893923,0.2263803,0.328009,0.00976695,0.1016585,0.02012837,0.248686,0,0,0,0,0,
November,0.0001882295,0.03994861,0.1034025,0.002173212,0.03223452,0.2107295,0.2650202,0.1977306,0.1067505,0.01459865,0.01893923,0.2263803,0.328009,0.00976695,0.1016585,0.02012837,0.248686,0,0,0,0,0,
December,0.0001882295,0.03994861,0.1034025,0.002173212,0.03223452,0.2107295,0.2650202,0.1977306,0.1067505,0.01459865,0.01893923,0.2263803,0.328009,0.00976695,0.1016585,0.02012837,0.248686,0,0,0,0,0,
1996,0.0001882295,0.03949698,0.07879242,0.001864101,0.02752895,0.1721247,0.2023159,0.1440447,0.07568175,0.01252079,0.01893923,0.4042769,0.3540276,0.02762281,0.1680804,0.005855177,0.2205091,0,0,0,0,0,
February,0.0001882295,0.03949698,0.07879242,0.001864101,0.02752895,0.1721247,0.2023159,0.1440447,0.07568175,0.01252079,0.01893923,0.4042769,0.3540276,0.02762281,0.1680804,0.005855177,0.2205091,0,0,0,0,0,
March,0.0001882295,0.03949698,0.07879242,0.001864101,0.02752895,0.1721247,0.2023159,0.1440447,0.07568175,0.01252079,0.01893923,0.4042769,0.3540276,0.02762281,0.1680804,0.005855177,0.2205091,0,0,0,0,0,
April,0.0001882295,0.03949698,0.07879242,0.001864101,0.02752895,0.1721247,0.2023159,0.1440447,0.07568175,0.01252079,0.01893923,0.4042769,0.3540276,0.02762281,0.1680804,0.005855177,0.2205091,0,0,0,0,0,
May,0.0001882295,0.03949698,0.07879242,0.001864101,0.02752895,0.1721247,0.2023159,0.1440447,0.07568175,0.01252079,0.01893923,0.4042769,0.3540276,0.02762281,0.1680804,0.005855177,0.2205091,0,0,0,0,0,
June,0.0001882295,0.03949698,0.07879242,0.001864101,0.02752895,0.1721247,0.2023159,0.1440447,0.07568175,0.01252079,0.01893923,0.4042769,0.3540276,0.02762281,0.1680804,0.005855177,0.2205091,0,0,0,0,0,
July,0.0001882295,0.03949698,0.07879242,0.001864101,0.02752895,0.1721247,0.2023159,0.1440447,0.07568175,0.01252079,0.01893923,0.4042769,0.3540276,0.02762281,0.1680804,0.005855177,0.2205091,0,0,0,0,0,
August,0.0001882295,0.03949698,0.07879242,0.001864101,0.02752895,0.1721247,0.2023159,0.1440447,0.07568175,0.01252079,0.01893923,0.4042769,0.3540276,0.02762281,0.1680804,0.005855177,0.2205091,0,0,0,0,0,
September,0.0001882295,0.03949698,0.07879242,0.001864101,0.02752895,0.1721247,0.2023159,0.1440447,0.07568175,0.01252079,0.01893923,0.4042769,0.3540276,0.02762281,0.1680804,0.005855177,0.2205091,0,0,0,0,0,
October,0.0001882295,0.03949698,0.07879242,0.001864101,0.02752895,0.1721247,0.2023159,0.1440447,0.07568175,0.01252079,0.01893923,0.4042769,0.3540276,0.02762281,0.1680804,0.005855177,0.2205091,0,0,0,0,0,
November,0.0001882295,0.03949698,0.07879242,0.001864101,0.02752895,0.1721247,0.2023159,0.1440447,0.07568175,0.01252079,0.01893923,0.4042769,0.3540276,0.02762281,0.1680804,0.005855177,0.2205091,0,0,0,0,0,
December,0.0001882295,0.03949698,0.07879242,0.001864101,0.02752895,0.1721247,0.2023159,0.1440447,0.07568175,0.01252079,0.01893923,0.4042769,0.3540276,0.02762281,0.1680804,0.005855177,0.2205091,0,0,0,0,0,
1997,0.0001882295,0.05271429,0.1038311,0.002574938,0.03780697,0.2174656,0.2167932,0.1348738,0.0653229,0.0173316,0.01893923,0.3988457,0.4262896,0.05969375,0.2300168,0.02097537,0.2272151,0,0,0,0,0,
February,0.0001882295,0.05271429,0.1038311,0.002574938,0.03780697,0.2174656,0.2167932,0.1348738,0.0653229,0.0173316,0.01893923,0.3988457,0.4262896,0.05969375,0.2300168,0.02097537,0.2272151,0,0,0,0,0,
March,0.0001882295,0.05271429,0.1038311,0.002574938,0.03780697,0.2174656,0.2167932,0.1348738,0.0653229,0.0173316,0.01893923,0.3988457,0.4262896,0.05969375,0.2300168,0.02097537,0.2272151,0,0,0,0,0,
April,0.0001882295,0.05271429,0.1038311,0.002574938,0.03780697,0.2174656,0.2167932,0.1348738,0.0653229,0.0173316,0.01893923,0.3988457,0.4262896,0.05969375,0.2300168,0.02097537,0.2272151,0,0,0,0,0,
May,0.0001882295,0.05271429,0.1038311,0.002574938,0.03780697,0.2174656,0.2167932,0.1348738,0.0653229,0.0173316,0.01893923,0.3988457,0.4262896,0.05969375,0.2300168,0.02097537,0.2272151,0,0,0,0,0,
June,0.0001882295,0.05271429,0.1038311,0.002574938,0.03780697,0.2174656,0.2167932,0.1348738,0.0653229,0.0173316,0.01893923,0.3988457,0.4262896,0.05969375,0.2300168,0.02097537,0.2272151,0,0,0,0,0,
July,0.0001882295,0.05271429,0.1038311,0.002574938,0.03780697,0.2174656,0.2167932,0.1348738,0.0653229,0.0173316,0.01893923,0.3988457,0.4262896,0.05969375,0.2300168,0.02097537,0.2272151,0,0,0,0,0,
August,0.0001882295,0.05271429,0.1038311,0.002574938,0.03780697,0.2174656,0.2167932,0.1348738,0.0653229,0.0173316,0.01893923,0.3988457,0.4262896,0.05969375,0.2300168,0.02097537,0.2272151,0,0,0,0,0,
September,0.0001882295,0.05271429,0.1038311,0.002574938,0.03780697,0.2174656,0.2167932,0.1348738,0.0653229,0.0173316,0.01893923,0.3988457,0.4262896,0.05969375,0.2300168,0.02097537,0.2272151,0,0,0,0,0,
October,0.0001882295,0.05271429,0.1038311,0.002574938,0.03780697,0.2174656,0.2167932,0.1348738,0.0653229,0.0173316,0.01893923,0.3988457,0.4262896,0.05969375,0.2300168,0.02097537,0.2272151,0,0,0,0,0,
November,0.0001882295,0.05271429,0.1038311,0.002574938,0.03780697,0.2174656,0.2167932,0.1348738,0.0653229,0.0173316,0.01893923,0.3988457,0.4262896,0.05969375,0.2300168,0.02097537,0.2272151,0,0,0,0,0,
December,0.0001882295,0.05271429,0.1038311,0.002574938,0.03780697,0.2174656,0.2167932,0.1348738,0.0653229,0.0173316,0.01893923,0.3988457,0.4262896,0.05969375,0.2300168,0.02097537,0.2272151,0,0,0,0,0,
1998,0.0001882295,0.05298124,0.1827416,0.003264684,0.04799607,0.2716722,0.260004,0.1552451,0.07278749,0.02220456,0.01893923,0.2023691,0.3602186,0.02838778,0.2933052,0.000604607,0.2206548,0,0,0,0,0,
February,0.0001882295,0.05298124,0.1827416,0.003264684,0.04799607,0.2716722,0.260004,0.1552451,0.07278749,0.02220456,0.01893923,0.2023691,0.3602186,0.02838778,0.2933052,0.000604607,0.2206548,0,0,0,0,0,
March,0.0001882295,0.05298124,0.1827416,0.003264684,0.04799607,0.2716722,0.260004,0.1552451,0.07278749,0.02220456,0.01893923,0.2023691,0.3602186,0.02838778,0.2933052,0.000604607,0.2206548,0,0,0,0,0,
April,0.0001882295,0.05298124,0.1827416,0.003264684,0.04799607,0.2716722,0.260004,0.1552451,0.07278749,0.02220456,0.01893923,0.2023691,0.3602186,0.02838778,0.2933052,0.000604607,0.2206548,0,0,0,0,0,
May,0.0001882295,0.05298124,0.1827416,0.003264684,0.04799607,0.2716722,0.260004,0.1552451,0.07278749,0.02220456,0.01893923,0.2023691,0.3602186,0.02838778,0.2933052,0.000604607,0.2206548,0,0,0,0,0,
June,0.0001882295,0.05298124,0.1827416,0.003264684,0.04799607,0.2716722,0.260004,0.1552451,0.07278749,0.02220456,0.01893923,0.2023691,0.3602186,0.02838778,0.2933052,0.000604607,0.2206548,0,0,0,0,0,
July,0.0001882295,0.05298124,0.1827416,0.003264684,0.04799607,0.2716722,0.260004,0.1552451,0.07278749,0.02220456,0.01893923,0.2023691,0.3602186,0.02838778,0.2933052,0.000604607,0.2206548,0,0,0,0,0,
August,0.0001882295,0.05298124,0.1827416,0.003264684,0.04799607,0.2716722,0.260004,0.1552451,0.07278749,0.02220456,0.01893923,0.2023691,0.3602186,0.02838778,0.2933052,0.000604607,0.2206548,0,0,0,0,0,
September,0.0001882295,0.05298124,0.1827416,0.003264684,0.04799607,0.2716722,0.260004,0.1552451,0.07278749,0.02220456,0.01893923,0.2023691,0.3602186,0.02838778,0.2933052,0.000604607,0.2206548,0,0,0,0,0,
October,0.0001882295,0.05298124,0.1827416,0.003264684,0.04799607,0.2716722,0.260004,0.1552451,0.07278749,0.02220456,0.01893923,0.2023691,0.3602186,0.02838778,0.2933052,0.000604607,0.2206548,0,0,0,0,0,
November,0.0001882295,0.05298124,0.1827416,0.003264684,0.04799607,0.2716722,0.260004,0.1552451,0.07278749,0.02220456,0.01893923,0.2023691,0.3602186,0.02838778,0.2933052,0.000604607,0.2206548,0,0,0,0,0,
December,0.0001882295,0.05298124,0.1827416,0.003264684,0.04799607,0.2716722,0.260004,0.1552451,0.07278749,0.02220456,0.01893923,0.2023691,0.3602186,0.02838778,0.2933052,0.000604607,0.2206548,0,0,0,0,0,
1999,0.0001882295,0.06192694,0.2359768,0.002107632,0.03168291,0.1863802,0.191211,0.1208304,0.05675057,0.01559992,0.01893923,0.3115952,0.268096,0.03244264,0.3868135,0.001387948,0.2346732,0,0,0,0,0,
February,0.0001882295,0.06192694,0.2359768,0.002107632,0.03168291,0.1863802,0.191211,0.1208304,0.05675057,0.01559992,0.01893923,0.3115952,0.268096,0.03244264,0.3868135,0.001387948,0.2346732,0,0,0,0,0,
March,0.0001882295,0.06192694,0.2359768,0.002107632,0.03168291,0.1863802,0.191211,0.1208304,0.05675057,0.01559992,0.01893923,0.3115952,0.268096,0.03244264,0.3868135,0.001387948,0.2346732,0,0,0,0,0,
April,0.0001882295,0.06192694,0.2359768,0.002107632,0.03168291,0.1863802,0.191211,0.1208304,0.05675057,0.01559992,0.01893923,0.3115952,0.268096,0.03244264,0.3868135,0.001387948,0.2346732,0,0,0,0,0,
May,0.0001882295,0.06192694,0.2359768,0.002107632,0.03168291,0.1863802,0.191211,0.1208304,0.05675057,0.01559992,0.01893923,0.3115952,0.268096,0.03244264,0.3868135,0.001387948,0.2346732,0,0,0,0,0,
June,0.0001882295,0.06192694,0.2359768,0.002107632,0.03168291,0.1863802,0.191211,0.1208304,0.05675057,0.01559992,0.01893923,0.3115952,0.268096,0.03244264,0.3868135,0.001387948,0.2346732,0,0,0,0,0,
July,0.0001882295,0.06192694,0.2359768,0.002107632,0.03168291,0.1863802,0.191211,0.1208304,0.05675057,0.01559992,0.01893923,0.3115952,0.268096,0.03244264,0.3868135,0.001387948,0.2346732,0,0,0,0,0,
August,0.0001882295,0.06192694,0.2359768,0.002107632,0.03168291,0.1863802,0.191211,0.1208304,0.05675057,0.01559992,0.01893923,0.3115952,0.268096,0.03244264,0.3868135,0.001387948,0.2346732,0,0,0,0,0,
September,0.0001882295,0.06192694,0.2359768,0.002107632,0.03168291,0.1863802,0.191211,0.1208304,0.05675057,0.01559992,0.01893923,0.3115952,0.268096,0.03244264,0.3868135,0.001387948,0.2346732,0,0,0,0,0,
October,0.0001882295,0.06192694,0.2359768,0.002107632,0.03168291,0.1863802,0.191211,0.1208304,0.05675057,0.01559992,0.01893923,0.3115952,0.268096,0.03244264,0.3868135,0.001387948,0.2346732,0,0,0,0,0,
November,0.0001882295,0.06192694,0.2359768,0.002107632,0.03168291,0.1863802,0.191211,0.1208304,0.05675057,0.01559992,0.01893923,0.3115952,0.268096,0.03244264,0.3868135,0.001387948,0.2346732,0,0,0,0,0,
December,0.0001882295,0.06192694,0.2359768,0.002107632,0.03168291,0.1863802,0.191211,0.1208304,0.05675057,0.01559992,0.01893923,0.3115952,0.268096,0.03244264,0.3868135,0.001387948,0.2346732,0,0,0,0,0,
2000,0.0001882295,0.08235468,0.1984857,0.001160163,0.0177736,0.1235136,0.1708928,0.1326461,0.07012838,0.008918097,0.01893923,0.1740721,0.3215143,0.004042512,0.4673418,0.003593457,0.2030004,0,0,0,0,0,
February,0.0001882295,0.08235468,0.1984857,0.001160163,0.0177736,0.1235136,0.1708928,0.1326461,0.07012838,0.008918097,0.01893923,0.1740721,0.3215143,0.004042512,0.4673418,0.003593457,0.2030004,0,0,0,0,0,
March,0.0001882295,0.08235468,0.1984857,0.001160163,0.0177736,0.1235136,0.1708928,0.1326461,0.07012838,0.008918097,0.01893923,0.1740721,0.3215143,0.004042512,0.4673418,0.003593457,0.2030004,0,0,0,0,0,
April,0.0001882295,0.08235468,0.1984857,0.001160163,0.0177736,0.1235136,0.1708928,0.1326461,0.07012838,0.008918097,0.01893923,0.1740721,0.3215143,0.004042512,0.4673418,0.003593457,0.2030004,0,0,0,0,0,
May,0.0001882295,0.08235468,0.1984857,0.001160163,0.0177736,0.1235136,0.1708928,0.1326461,0.07012838,0.008918097,0.01893923,0.1740721,0.3215143,0.004042512,0.4673418,0.003593457,0.2030004,0,0,0,0,0,
June,0.0001882295,0.08235468,0.1984857,0.001160163,0.0177736,0.1235136,0.1708928,0.1326461,0.07012838,0.008918097,0.01893923,0.1740721,0.3215143,0.004042512,0.4673418,0.003593457,0.2030004,0,0,0,0,0,
July,0.0001882295,0.08235468,0.1984857,0.001160163,0.0177736,0.1235136,0.1708928,0.1326461,0.07012838,0.008918097,0.01893923,0.1740721,0.3215143,0.004042512,0.4673418,0.003593457,0.2030004,0,0,0,0,0,
August,0.0001882295,0.08235468,0.1984857,0.001160163,0.0177736,0.1235136,0.1708928,0.1326461,0.07012838,0.008918097,0.01893923,0.1740721,0.3215143,0.004042512,0.4673418,0.003593457,0.2030004,0,0,0,0,0,
September,0.0001882295,0.08235468,0.1984857,0.001160163,0.0177736,0.1235136,0.1708928,0.1326461,0.07012838,0.008918097,0.01893923,0.1740721,0.3215143,0.004042512,0.4673418,0.003593457,0.2030004,0,0,0,0,0,
October,0.0001882295,0.08235468,0.1984857,0.001160163,0.0177736,0.1235136,0.1708928,0.1326461,0.07012838,0.008918097,0.01893923,0.1740721,0.3215143,0.004042512,0.4673418,0.003593457,0.2030004,0,0,0,0,0,
November,0.0001882295,0.08235468,0.1984857,0.001160163,0.0177736,0.1235136,0.1708928,0.1326461,0.07012838,0.008918097,0.01893923,0.1740721,0.3215143,0.004042512,0.4673418,0.003593457,0.2030004,0,0,0,0,0,
December,0.0001882295,0.08235468,0.1984857,0.001160163,0.0177736,0.1235136,0.1708928,0.1326461,0.07012838,0.008918097,0.01893923,0.1740721,0.3215143,0.004042512,0.4673418,0.003593457,0.2030004,0,0,0,0,0,
2001,0.0001882295,0.0772429,0.2121276,0.00184743,0.02759498,0.1691309,0.1854839,0.1261075,0.06475739,0.01295057,0.01893923,0.2969859,0.378698,0.006022104,0.3196989,0.002718311,0.245634,0,0,0,0,0,
February,0.0001882295,0.0772429,0.2121276,0.00184743,0.02759498,0.1691309,0.1854839,0.1261075,0.06475739,0.01295057,0.01893923,0.2969859,0.378698,0.006022104,0.3196989,0.002718311,0.245634,0,0,0,0,0,
March,0.0001882295,0.0772429,0.2121276,0.00184743,0.02759498,0.1691309,0.1854839,0.1261075,0.06475739,0.01295057,0.01893923,0.2969859,0.378698,0.006022104,0.3196989,0.002718311,0.245634,0,0,0,0,0,
April,0.0001882295,0.0772429,0.2121276,0.00184743,0.02759498,0.1691309,0.1854839,0.1261075,0.06475739,0.01295057,0.01893923,0.2969859,0.378698,0.006022104,0.3196989,0.002718311,0.245634,0,0,0,0,0,
May,0.0001882295,0.0772429,0.2121276,0.00184743,0.02759498,0.1691309,0.1854839,0.1261075,0.06475739,0.01295057,0.01893923,0.2969859,0.378698,0.006022104,0.3196989,0.002718311,0.245634,0,0,0,0,0,
June,0.0001882295,0.0772429,0.2121276,0.00184743,0.02759498,0.1691309,0.1854839,0.1261075,0.06475739,0.01295057,0.01893923,0.2969859,0.378698,0.006022104,0.3196989,0.002718311,0.245634,0,0,0,0,0,
July,0.0001882295,0.0772429,0.2121276,0.00184743,0.02759498,0.1691309,0.1854839,0.1261075,0.06475739,0.01295057,0.01893923,0.2969859,0.378698,0.006022104,0.3196989,0.002718311,0.245634,0,0,0,0,0,
August,0.0001882295,0.0772429,0.2121276,0.00184743,0.02759498,0.1691309,0.1854839,0.1261075,0.06475739,0.01295057,0.01893923,0.2969859,0.378698,0.006022104,0.3196989,0.002718311,0.245634,0,0,0,0,0,
September,0.0001882295,0.0772429,0.2121276,0.00184743,0.02759498,0.1691309,0.1854839,0.1261075,0.06475739,0.01295057,0.01893923,0.2969859,0.378698,0.006022104,0.3196989,0.002718311,0.245634,0,0,0,0,0,
October,0.0001882295,0.0772429,0.2121276,0.00184743,0.02759498,0.1691309,0.1854839,0.1261075,0.06475739,0.01295057,0.01893923,0.2969859,0.378698,0.006022104,0.3196989,0.002718311,0.245634,0,0,0,0,0,
November,0.0001882295,0.0772429,0.2121276,0.00184743,0.02759498,0.1691309,0.1854839,0.1261075,0.06475739,0.01295057,0.01893923,0.2969859,0.378698,0.006022104,0.3196989,0.002718311,0.245634,0,0,0,0,0,
December,0.0001882295,0.0772429,0.2121276,0.00184743,0.02759498,0.1691309,0.1854839,0.1261075,0.06475739,0.01295057,0.01893923,0.2969859,0.378698,0.006022104,0.3196989,0.002718311,0.245634,0,0,0,0,0,
2002,0.0001882295,0.06312741,0.1968699,0.001621318,0.02465178,0.1524529,0.1661537,0.1121415,0.05645014,0.01214907,0.01893923,0.1518931,0.2413061,0.002178447,0.3862866,0.03316197,0.2208456,0,0,0,0,0,
February,0.0001882295,0.06312741,0.1968699,0.001621318,0.02465178,0.1524529,0.1661537,0.1121415,0.05645014,0.01214907,0.01893923,0.1518931,0.2413061,0.002178447,0.3862866,0.03316197,0.2208456,0,0,0,0,0,
March,0.0001882295,0.06312741,0.1968699,0.001621318,0.02465178,0.1524529,0.1661537,0.1121415,0.05645014,0.01214907,0.01893923,0.1518931,0.2413061,0.002178447,0.3862866,0.03316197,0.2208456,0,0,0,0,0,
April,0.0001882295,0.06312741,0.1968699,0.001621318,0.02465178,0.1524529,0.1661537,0.1121415,0.05645014,0.01214907,0.01893923,0.1518931,0.2413061,0.002178447,0.3862866,0.03316197,0.2208456,0,0,0,0,0,
May,0.0001882295,0.06312741,0.1968699,0.001621318,0.02465178,0.1524529,0.1661537,0.1121415,0.05645014,0.01214907,0.01893923,0.1518931,0.2413061,0.002178447,0.3862866,0.03316197,0.2208456,0,0,0,0,0,
June,0.0001882295,0.06312741,0.1968699,0.001621318,0.02465178,0.1524529,0.1661537,0.1121415,0.05645014,0.01214907,0.01893923,0.1518931,0.2413061,0.002178447,0.3862866,0.03316197,0.2208456,0,0,0,0,0,
July,0.0001882295,0.06312741,0.1968699,0.001621318,0.02465178,0.1524529,0.1661537,0.1121415,0.05645014,0.01214907,0.01893923,0.1518931,0.2413061,0.002178447,0.3862866,0.03316197,0.2208456,0,0,0,0,0,
August,0.0001882295,0.06312741,0.1968699,0.001621318,0.02465178,0.1524529,0.1661537,0.1121415,0.05645014,0.01214907,0.01893923,0.1518931,0.2413061,0.002178447,0.3862866,0.03316197,0.2208456,0,0,0,0,0,
September,0.0001882295,0.06312741,0.1968699,0.001621318,0.02465178,0.1524529,0.1661537,0.1121415,0.05645014,0.01214907,0.01893923,0.1518931,0.2413061,0.002178447,0.3862866,0.03316197,0.2208456,0,0,0,0,0,
October,0.0001882295,0.06312741,0.1968699,0.001621318,0.02465178,0.1524529,0.1661537,0.1121415,0.05645014,0.01214907,0.01893923,0.1518931,0.2413061,0.002178447,0.3862866,0.03316197,0.2208456,0,0,0,0,0,
November,0.0001882295,0.06312741,0.1968699,0.001621318,0.02465178,0.1524529,0.1661537,0.1121415,0.05645014,0.01214907,0.01893923,0.1518931,0.2413061,0.002178447,0.3862866,0.03316197,0.2208456,0,0,0,0,0,
December,0.0001882295,0.06312741,0.1968699,0.001621318,0.02465178,0.1524529,0.1661537,0.1121415,0.05645014,0.01214907,0.01893923,0.1518931,0.2413061,0.002178447,0.3862866,0.03316197,0.2208456,0,0,0,0,0,
2003,0.0001882295,0.07321984,0.2166509,0.001776728,0.02674861,0.1543853,0.1460351,0.08666745,0.04008641,0.01307778,0.01893923,0.1085899,0.2863042,0.001314453,0.2611557,0.009029814,0.2544549,0,0,0,0,0,
February,0.0001882295,0.07321984,0.2166509,0.001776728,0.02674861,0.1543853,0.1460351,0.08666745,0.04008641,0.01307778,0.01893923,0.1085899,0.2863042,0.001314453,0.2611557,0.009029814,0.2544549,0,0,0,0,0,
March,0.0001882295,0.07321984,0.2166509,0.001776728,0.02674861,0.1543853,0.1460351,0.08666745,0.04008641,0.01307778,0.01893923,0.1085899,0.2863042,0.001314453,0.2611557,0.009029814,0.2544549,0,0,0,0,0,
April,0.0001882295,0.07321984,0.2166509,0.001776728,0.02674861,0.1543853,0.1460351,0.08666745,0.04008641,0.01307778,0.01893923,0.1085899,0.2863042,0.001314453,0.2611557,0.009029814,0.2544549,0,0,0,0,0,
May,0.0001882295,0.07321984,0.2166509,0.001776728,0.02674861,0.1543853,0.1460351,0.08666745,0.04008641,0.01307778,0.01893923,0.1085899,0.2863042,0.001314453,0.2611557,0.009029814,0.2544549,0,0,0,0,0,
June,0.0001882295,0.07321984,0.2166509,0.001776728,0.02674861,0.1543853,0.1460351,0.08666745,0.04008641,0.01307778,0.01893923,0.1085899,0.2863042,0.001314453,0.2611557,0.009029814,0.2544549,0,0,0,0,0,
July,0.0001882295,0.07321984,0.2166509,0.001776728,0.02674861,0.1543853,0.1460351,0.08666745,0.04008641,0.01307778,0.01893923,0.1085899,0.2863042,0.001314453,0.2611557,0.009029814,0.2544549,0,0,0,0,0,
August,0.0001882295,0.07321984,0.2166509,0.001776728,0.02674861,0.1543853,0.1460351,0.08666745,0.04008641,0.01307778,0.01893923,0.1085899,0.2863042,0.001314453,0.2611557,0.009029814,0.2544549,0,0,0,0,0,
September,0.0001882295,0.07321984,0.2166509,0.001776728,0.02674861,0.1543853,0.1460351,0.08666745,0.04008641,0.01307778,0.01893923,0.1085899,0.2863042,0.001314453,0.2611557,0.009029814,0.2544549,0,0,0,0,0,
October,0.0001882295,0.07321984,0.2166509,0.001776728,0.02674861,0.1543853,0.1460351,0.08666745,0.04008641,0.01307778,0.01893923,0.1085899,0.2863042,0.001314453,0.2611557,0.009029814,0.2544549,0,0,0,0,0,
November,0.0001882295,0.07321984,0.2166509,0.001776728,0.02674861,0.1543853,0.1460351,0.08666745,0.04008641,0.01307778,0.01893923,0.1085899,0.2863042,0.001314453,0.2611557,0.009029814,0.2544549,0,0,0,0,0,
December,0.0001882295,0.07321984,0.2166509,0.001776728,0.02674861,0.1543853,0.1460351,0.08666745,0.04008641,0.01307778,0.01893923,0.1085899,0.2863042,0.001314453,0.2611557,0.009029814,0.2544549,0,0,0,0,0,
2004,0.0001882295,0.08523287,0.2019347,0.001770819,0.02685771,0.1662246,0.1831354,0.124368,0.06265177,0.01318565,0.01893923,0.2115469,0.3165513,0.0055428,0.1350662,0.01315784,0.2664765,0,0,0,0,0,
February,0.0001882295,0.08523287,0.2019347,0.001770819,0.02685771,0.1662246,0.1831354,0.124368,0.06265177,0.01318565,0.01893923,0.2115469,0.3165513,0.0055428,0.1350662,0.01315784,0.2664765,0,0,0,0,0,
March,0.0001882295,0.08523287,0.2019347,0.001770819,0.02685771,0.1662246,0.1831354,0.124368,0.06265177,0.01318565,0.01893923,0.2115469,0.3165513,0.0055428,0.1350662,0.01315784,0.2664765,0,0,0,0,0,
April,0.0001882295,0.08523287,0.2019347,0.001770819,0.02685771,0.1662246,0.1831354,0.124368,0.06265177,0.01318565,0.01893923,0.2115469,0.3165513,0.0055428,0.1350662,0.01315784,0.2664765,0,0,0,0,0,
May,0.0001882295,0.08523287,0.2019347,0.001770819,0.02685771,0.1662246,0.1831354,0.124368,0.06265177,0.01318565,0.01893923,0.2115469,0.3165513,0.0055428,0.1350662,0.01315784,0.2664765,0,0,0,0,0,
June,0.0001882295,0.08523287,0.2019347,0.001770819,0.02685771,0.1662246,0.1831354,0.124368,0.06265177,0.01318565,0.01893923,0.2115469,0.3165513,0.0055428,0.1350662,0.01315784,0.2664765,0,0,0,0,0,
July,0.0001882295,0.08523287,0.2019347,0.001770819,0.02685771,0.1662246,0.1831354,0.124368,0.06265177,0.01318565,0.01893923,0.2115469,0.3165513,0.0055428,0.1350662,0.01315784,0.2664765,0,0,0,0,0,
August,0.0001882295,0.08523287,0.2019347,0.001770819,0.02685771,0.1662246,0.1831354,0.124368,0.06265177,0.01318565,0.01893923,0.2115469,0.3165513,0.0055428,0.1350662,0.01315784,0.2664765,0,0,0,0,0,
September,0.0001882295,0.08523287,0.2019347,0.001770819,0.02685771,0.1662246,0.1831354,0.124368,0.06265177,0.01318565,0.01893923,0.2115469,0.3165513,0.0055428,0.1350662,0.01315784,0.2664765,0,0,0,0,0,
October,0.0001882295,0.08523287,0.2019347,0.001770819,0.02685771,0.1662246,0.1831354,0.124368,0.06265177,0.01318565,0.01893923,0.2115469,0.3165513,0.0055428,0.1350662,0.01315784,0.2664765,0,0,0,0,0,
November,0.0001882295,0.08523287,0.2019347,0.001770819,0.02685771,0.1662246,0.1831354,0.124368,0.06265177,0.01318565,0.01893923,0.2115469,0.3165513,0.0055428,0.1350662,0.01315784,0.2664765,0,0,0,0,0,
December,0.0001882295,0.08523287,0.2019347,0.001770819,0.02685771,0.1662246,0.1831354,0.124368,0.06265177,0.01318565,0.01893923,0.2115469,0.3165513,0.0055428,0.1350662,0.01315784,0.2664765,0,0,0,0,0,
2005,0.0001882295,0.08212727,0.2169061,0.000494813,0.02664917,0.1878184,0.1778348,0.1267474,0.0695279,0.02445824,0.01893923,0.271277,0.2790761,0.002201558,0.1709187,0.00297347,0.2676202,0,0,0,0,0,
February,0.0001882295,0.08212727,0.2169061,0.000494813,0.02664917,0.1878184,0.1778348,0.1267474,0.0695279,0.02445824,0.01893923,0.271277,0.2790761,0.002201558,0.1709187,0.00297347,0.2676202,0,0,0,0,0,
March,0.0001882295,0.08212727,0.2169061,0.000494813,0.02664917,0.1878184,0.1778348,0.1267474,0.0695279,0.02445824,0.01893923,0.271277,0.2790761,0.002201558,0.1709187,0.00297347,0.2676202,0,0,0,0,0,
April,0.0001882295,0.08212727,0.2169061,0.000494813,0.02664917,0.1878184,0.1778348,0.1267474,0.0695279,0.02445824,0.01893923,0.271277,0.2790761,0.002201558,0.1709187,0.00297347,0.2676202,0,0,0,0,0,
May,0.0001882295,0.08212727,0.2169061,0.000494813,0.02664917,0.1878184,0.1778348,0.1267474,0.0695279,0.02445824,0.01893923,0.271277,0.2790761,0.002201558,0.1709187,0.00297347,0.2676202,0,0,0,0,0,
June,0.0001882295,0.08212727,0.2169061,0.000494813,0.02664917,0.1878184,0.1778348,0.1267474,0.0695279,0.02445824,0.01893923,0.271277,0.2790761,0.002201558,0.1709187,0.00297347,0.2676202,0,0,0,0,0,
July,0.0001882295,0.08212727,0.2169061,0.000494813,0.02664917,0.1878184,0.1778348,0.1267474,0.0695279,0.02445824,0.01893923,0.271277,0.2790761,0.002201558,0.1709187,0.00297347,0.2676202,0,0,0,0,0,
August,0.0001882295,0.08212727,0.2169061,0.000494813,0.02664917,0.1878184,0.1778348,0.1267474,0.0695279,0.02445824,0.01893923,0.271277,0.2790761,0.002201558,0.1709187,0.00297347,0.2676202,0,0,0,0,0,
September,0.0001882295,0.08212727,0.2169061,0.000494813,0.02664917,0.1878184,0.1778348,0.1267474,0.0695279,0.02445824,0.01893923,0.271277,0.2790761,0.002201558,0.1709187,0.00297347,0.2676202,0,0,0,0,0,
October,0.0001882295,0.08212727,0.2169061,0.000494813,0.02664917,0.1878184,0.1778348,0.1267474,0.0695279,0.02445824,0.01893923,0.271277,0.2790761,0.002201558,0.1709187,0.00297347,0.2676202,0,0,0,0,0,
November,0.0001882295,0.08212727,0.2169061,0.000494813,0.02664917,0.1878184,0.1778348,0.1267474,0.0695279,0.02445824,0.01893923,0.271277,0.2790761,0.002201558,0.1709187,0.00297347,0.2676202,0,0,0,0,0,
December,0.0001882295,0.08212727,0.2169061,0.000494813,0.02664917,0.1878184,0.1778348,0.1267474,0.0695279,0.02445824,0.01893923,0.271277,0.2790761,0.002201558,0.1709187,0.00297347,0.2676202,0,0,0,0,0,
2006,0.0001882295,0.09098608,0.2353027,0.000356987,0.01921272,0.1643851,0.2250199,0.1910699,0.1108975,0.01721452,0.01893923,0.2837068,0.297488,0.002082726,0.2273953,0.1325165,0.3051332,0,0,0,0,0,
February,0.0001882295,0.09098608,0.2353027,0.000356987,0.01921272,0.1643851,0.2250199,0.1910699,0.1108975,0.01721452,0.01893923,0.2837068,0.297488,0.002082726,0.2273953,0.1325165,0.3051332,0,0,0,0,0,
March,0.0001882295,0.09098608,0.2353027,0.000356987,0.01921272,0.1643851,0.2250199,0.1910699,0.1108975,0.01721452,0.01893923,0.2837068,0.297488,0.002082726,0.2273953,0.1325165,0.3051332,0,0,0,0,0,
April,0.0001882295,0.09098608,0.2353027,0.000356987,0.01921272,0.1643851,0.2250199,0.1910699,0.1108975,0.01721452,0.01893923,0.2837068,0.297488,0.002082726,0.2273953,0.1325165,0.3051332,0,0,0,0,0,
May,0.0001882295,0.09098608,0.2353027,0.000356987,0.01921272,0.1643851,0.2250199,0.1910699,0.1108975,0.01721452,0.01893923,0.2837068,0.297488,0.002082726,0.2273953,0.1325165,0.3051332,0,0,0,0,0,
June,0.0001882295,0.09098608,0.2353027,0.000356987,0.01921272,0.1643851,0.2250199,0.1910699,0.1108975,0.01721452,0.01893923,0.2837068,0.297488,0.002082726,0.2273953,0.1325165,0.3051332,0,0,0,0,0,
July,0.0001882295,0.09098608,0.2353027,0.000356987,0.01921272,0.1643851,0.2250199,0.1910699,0.1108975,0.01721452,0.01893923,0.2837068,0.297488,0.002082726,0.2273953,0.1325165,0.3051332,0,0,0,0,0,
August,0.0001882295,0.09098608,0.2353027,0.000356987,0.01921272,0.1643851,0.2250199,0.1910699,0.1108975,0.01721452,0.01893923,0.2837068,0.297488,0.002082726,0.2273953,0.1325165,0.3051332,0,0,0,0,0,
September,0.0001882295,0.09098608,0.2353027,0.000356987,0.01921272,0.1643851,0.2250199,0.1910699,0.1108975,0.01721452,0.01893923,0.2837068,0.297488,0.002082726,0.2273953,0.1325165,0.3051332,0,0,0,0,0,
October,0.0001882295,0.09098608,0.2353027,0.000356987,0.01921272,0.1643851,0.2250199,0.1910699,0.1108975,0.01721452,0.01893923,0.2837068,0.297488,0.002082726,0.2273953,0.1325165,0.3051332,0,0,0,0,0,
November,0.0001882295,0.09098608,0.2353027,0.000356987,0.01921272,0.1643851,0.2250199,0.1910699,0.1108975,0.01721452,0.01893923,0.2837068,0.297488,0.002082726,0.2273953,0.1325165,0.3051332,0,0,0,0,0,
December,0.0001882295,0.09098608,0.2353027,0.000356987,0.01921272,0.1643851,0.2250199,0.1910699,0.1108975,0.01721452,0.01893923,0.2837068,0.297488,0.002082726,0.2273953,0.1325165,0.3051332,0,0,0,0,0,
2007,0.0001882295,0.09784313,0.260464,0.000345386,0.01850724,0.1454308,0.1904286,0.1552624,0.08434251,0.01728757,0.01893923,0.2136858,0.3217904,0.002508703,0.2822385,0.02065576,0.3163479,0,0,0,0,0,
February,0.0001882295,0.09784313,0.260464,0.000345386,0.01850724,0.1454308,0.1904286,0.1552624,0.08434251,0.01728757,0.01893923,0.2136858,0.3217904,0.002508703,0.2822385,0.02065576,0.3163479,0,0,0,0,0,
March,0.0001882295,0.09784313,0.260464,0.000345386,0.01850724,0.1454308,0.1904286,0.1552624,0.08434251,0.01728757,0.01893923,0.2136858,0.3217904,0.002508703,0.2822385,0.02065576,0.3163479,0,0,0,0,0,
April,0.0001882295,0.09784313,0.260464,0.000345386,0.01850724,0.1454308,0.1904286,0.1552624,0.08434251,0.01728757,0.01893923,0.2136858,0.3217904,0.002508703,0.2822385,0.02065576,0.3163479,0,0,0,0,0,
May,0.0001882295,0.09784313,0.260464,0.000345386,0.01850724,0.1454308,0.1904286,0.1552624,0.08434251,0.01728757,0.01893923,0.2136858,0.3217904,0.002508703,0.2822385,0.02065576,0.3163479,0,0,0,0,0,
June,0.0001882295,0.09784313,0.260464,0.000345386,0.01850724,0.1454308,0.1904286,0.1552624,0.08434251,0.01728757,0.01893923,0.2136858,0.3217904,0.002508703,0.2822385,0.02065576,0.3163479,0,0,0,0,0,
July,0.0001882295,0.09784313,0.260464,0.000345386,0.01850724,0.1454308,0.1904286,0.1552624,0.08434251,0.01728757,0.01893923,0.2136858,0.3217904,0.002508703,0.2822385,0.02065576,0.3163479,0,0,0,0,0,
August,0.0001882295,0.09784313,0.260464,0.000345386,0.01850724,0.1454308,0.1904286,0.1552624,0.08434251,0.01728757,0.01893923,0.2136858,0.3217904,0.002508703,0.2822385,0.02065576,0.3163479,0,0,0,0,0,
September,0.0001882295,0.09784313,0.260464,0.000345386,0.01850724,0.1454308,0.1904286,0.1552624,0.08434251,0.01728757,0.01893923,0.2136858,0.3217904,0.002508703,0.2822385,0.02065576,0.3163479,0,0,0,0,0,
October,0.0001882295,0.09784313,0.260464,0.000345386,0.01850724,0.1454308,0.1904286,0.1552624,0.08434251,0.01728757,0.01893923,0.2136858,0.3217904,0.002508703,0.2822385,0.02065576,0.3163479,0,0,0,0,0,
November,0.0001882295,0.09784313,0.260464,0.000345386,0.01850724,0.1454308,0.1904286,0.1552624,0.08434251,0.01728757,0.01893923,0.2136858,0.3217904,0.002508703,0.2822385,0.02065576,0.3163479,0,0,0,0,0,
December,0.0001882295,0.09784313,0.260464,0.000345386,0.01850724,0.1454308,0.1904286,0.1552624,0.08434251,0.01728757,0.01893923,0.2136858,0.3217904,0.002508703,0.2822385,0.02065576,0.3163479,0,0,0,0,0,
2008,0.0001882295,0.09307849,0.2607867,0.000245519,0.01329505,0.1092612,0.1549051,0.1291586,0.06956937,0.0126838,0.01893923,0.176471,0.3155697,0.003836518,0.1789235,0.0288445,0.3065359,0,0,0,0,0,
February,0.0001882295,0.09307849,0.2607867,0.000245519,0.01329505,0.1092612,0.1549051,0.1291586,0.06956937,0.0126838,0.01893923,0.176471,0.3155697,0.003836518,0.1789235,0.0288445,0.3065359,0,0,0,0,0,
March,0.0001882295,0.09307849,0.2607867,0.000245519,0.01329505,0.1092612,0.1549051,0.1291586,0.06956937,0.0126838,0.01893923,0.176471,0.3155697,0.003836518,0.1789235,0.0288445,0.3065359,0,0,0,0,0,
April,0.0001882295,0.09307849,0.2607867,0.000245519,0.01329505,0.1092612,0.1549051,0.1291586,0.06956937,0.0126838,0.01893923,0.176471,0.3155697,0.003836518,0.1789235,0.0288445,0.3065359,0,0,0,0,0,
May,0.0001882295,0.09307849,0.2607867,0.000245519,0.01329505,0.1092612,0.1549051,0.1291586,0.06956937,0.0126838,0.01893923,0.176471,0.3155697,0.003836518,0.1789235,0.0288445,0.3065359,0,0,0,0,0,
June,0.0001882295,0.09307849,0.2607867,0.000245519,0.01329505,0.1092612,0.1549051,0.1291586,0.06956937,0.0126838,0.01893923,0.176471,0.3155697,0.003836518,0.1789235,0.0288445,0.3065359,0,0,0,0,0,
July,0.0001882295,0.09307849,0.2607867,0.000245519,0.01329505,0.1092612,0.1549051,0.1291586,0.06956937,0.0126838,0.01893923,0.176471,0.3155697,0.003836518,0.1789235,0.0288445,0.3065359,0,0,0,0,0,
August,0.0001882295,0.09307849,0.2607867,0.000245519,0.01329505,0.1092612,0.1549051,0.1291586,0.06956937,0.0126838,0.01893923,0.176471,0.3155697,0.003836518,0.1789235,0.0288445,0.3065359,0,0,0,0,0,
September,0.0001882295,0.09307849,0.2607867,0.000245519,0.01329505,0.1092612,0.1549051,0.1291586,0.06956937,0.0126838,0.01893923,0.176471,0.3155697,0.003836518,0.1789235,0.0288445,0.3065359,0,0,0,0,0,
October,0.0001882295,0.09307849,0.2607867,0.000245519,0.01329505,0.1092612,0.1549051,0.1291586,0.06956937,0.0126838,0.01893923,0.176471,0.3155697,0.003836518,0.1789235,0.0288445,0.3065359,0,0,0,0,0,
November,0.0001882295,0.09307849,0.2607867,0.000245519,0.01329505,0.1092612,0.1549051,0.1291586,0.06956937,0.0126838,0.01893923,0.176471,0.3155697,0.003836518,0.1789235,0.0288445,0.3065359,0,0,0,0,0,
December,0.0001882295,0.09307849,0.2607867,0.000245519,0.01329505,0.1092612,0.1549051,0.1291586,0.06956937,0.0126838,0.01893923,0.176471,0.3155697,0.003836518,0.1789235,0.0288445,0.3065359,0,0,0,0,0,
2009,0.0001882295,0.1063816,0.2998267,0.000359799,0.01919631,0.1375157,0.1467707,0.1100546,0.05913639,0.01771716,0.01893923,0.1302311,0.297648,0.000855681,0.1840684,0.002797555,0.4384798,0,0,0,0,0,
February,0.0001882295,0.1063816,0.2998267,0.000359799,0.01919631,0.1375157,0.1467707,0.1100546,0.05913639,0.01771716,0.01893923,0.1302311,0.297648,0.000855681,0.1840684,0.002797555,0.4384798,0,0,0,0,0,
March,0.0001882295,0.1063816,0.2998267,0.000359799,0.01919631,0.1375157,0.1467707,0.1100546,0.05913639,0.01771716,0.01893923,0.1302311,0.297648,0.000855681,0.1840684,0.002797555,0.4384798,0,0,0,0,0,
April,0.0001882295,0.1063816,0.2998267,0.000359799,0.01919631,0.1375157,0.1467707,0.1100546,0.05913639,0.01771716,0.01893923,0.1302311,0.297648,0.000855681,0.1840684,0.002797555,0.4384798,0,0,0,0,0,
May,0.0001882295,0.1063816,0.2998267,0.000359799,0.01919631,0.1375157,0.1467707,0.1100546,0.05913639,0.01771716,0.01893923,0.1302311,0.297648,0.000855681,0.1840684,0.002797555,0.4384798,0,0,0,0,0,
June,0.0001882295,0.1063816,0.2998267,0.000359799,0.01919631,0.1375157,0.1467707,0.1100546,0.05913639,0.01771716,0.01893923,0.1302311,0.297648,0.000855681,0.1840684,0.002797555,0.4384798,0,0,0,0,0,
July,0.0001882295,0.1063816,0.2998267,0.000359799,0.01919631,0.1375157,0.1467707,0.1100546,0.05913639,0.01771716,0.01893923,0.1302311,0.297648,0.000855681,0.1840684,0.002797555,0.4384798,0,0,0,0,0,
August,0.0001882295,0.1063816,0.2998267,0.000359799,0.01919631,0.1375157,0.1467707,0.1100546,0.05913639,0.01771716,0.01893923,0.1302311,0.297648,0.000855681,0.1840684,0.002797555,0.4384798,0,0,0,0,0,
September,0.0001882295,0.1063816,0.2998267,0.000359799,0.01919631,0.1375157,0.1467707,0.1100546,0.05913639,0.01771716,0.01893923,0.1302311,0.297648,0.000855681,0.1840684,0.002797555,0.4384798,0,0,0,0,0,
October,0.0001882295,0.1063816,0.2998267,0.000359799,0.01919631,0.1375157,0.1467707,0.1100546,0.05913639,0.01771716,0.01893923,0.1302311,0.297648,0.000855681,0.1840684,0.002797555,0.4384798,0,0,0,0,0,
November,0.0001882295,0.1063816,0.2998267,0.000359799,0.01919631,0.1375157,0.1467707,0.1100546,0.05913639,0.01771716,0.01893923,0.1302311,0.297648,0.000855681,0.1840684,0.002797555,0.4384798,0,0,0,0,0,
December,0.0001882295,0.1063816,0.2998267,0.000359799,0.01919631,0.1375157,0.1467707,0.1100546,0.05913639,0.01771716,0.01893923,0.1302311,0.297648,0.000855681,0.1840684,0.002797555,0.4384798,0,0,0,0,0,
2010,0.0001882295,0.09241658,0.2327316,0.000421009,0.02219149,0.1626588,0.19487,0.1529754,0.08181322,0.02046571,0.01893923,0.2745941,0.3485083,0.001616137,0.06981389,0,0.2266148,0,0,0,0,0,
February,0.0001882295,0.09241658,0.2327316,0.000421009,0.02219149,0.1626588,0.19487,0.1529754,0.08181322,0.02046571,0.01893923,0.2745941,0.3485083,0.001616137,0.06981389,0,0.2266148,0,0,0,0,0,
March,0.0001882295,0.09241658,0.2327316,0.000421009,0.02219149,0.1626588,0.19487,0.1529754,0.08181322,0.02046571,0.01893923,0.2745941,0.3485083,0.001616137,0.06981389,0,0.2266148,0,0,0,0,0,
April,0.0001882295,0.09241658,0.2327316,0.000421009,0.02219149,0.1626588,0.19487,0.1529754,0.08181322,0.02046571,0.01893923,0.2745941,0.3485083,0.001616137,0.06981389,0,0.2266148,0,0,0,0,0,
May,0.0001882295,0.09241658,0.2327316,0.000421009,0.02219149,0.1626588,0.19487,0.1529754,0.08181322,0.02046571,0.01893923,0.2745941,0.3485083,0.001616137,0.06981389,0,0.2266148,0,0,0,0,0,
June,0.0001882295,0.09241658,0.2327316,0.000421009,0.02219149,0.1626588,0.19487,0.1529754,0.08181322,0.02046571,0.01893923,0.2745941,0.3485083,0.001616137,0.06981389,0,0.2266148,0,0,0,0,0,
July,0.0001882295,0.09241658,0.2327316,0.000421009,0.02219149,0.1626588,0.19487,0.1529754,0.08181322,0.02046571,0.01893923,0.2745941,0.3485083,0.001616137,0.06981389,0,0.2266148,0,0,0,0,0,
August,0.0001882295,0.09241658,0.2327316,0.000421009,0.02219149,0.1626588,0.19487,0.1529754,0.08181322,0.02046571,0.01893923,0.2745941,0.3485083,0.001616137,0.06981389,0,0.2266148,0,0,0,0,0,
September,0.0001882295,0.09241658,0.2327316,0.000421009,0.02219149,0.1626588,0.19487,0.1529754,0.08181322,0.02046571,0.01893923,0.2745941,0.3485083,0.001616137,0.06981389,0,0.2266148,0,0,0,0,0,
October,0.0001882295,0.09241658,0.2327316,0.000421009,0.02219149,0.1626588,0.19487,0.1529754,0.08181322,0.02046571,0.01893923,0.2745941,0.3485083,0.001616137,0.06981389,0,0.2266148,0,0,0,0,0,
November,0.0001882295,0.09241658,0.2327316,0.000421009,0.02219149,0.1626588,0.19487,0.1529754,0.08181322,0.02046571,0.01893923,0.2745941,0.3485083,0.001616137,0.06981389,0,0.2266148,0,0,0,0,0,
December,0.0001882295,0.09241658,0.2327316,0.000421009,0.02219149,0.1626588,0.19487,0.1529754,0.08181322,0.02046571,0.01893923,0.2745941,0.3485083,0.001616137,0.06981389,0,0.2266148,0,0,0,0,0,
2011,0.0001882295,0.1137592,0.2403182,0.000323184,0.01717174,0.1327355,0.1840073,0.1505124,0.07842529,0.0163982,0.01893923,0.3607219,0.2976856,0.001444466,0.03571984,0.02315651,0.2459309,0,0,0,0,0,
February,0.0001882295,0.1137592,0.2403182,0.000323184,0.01717174,0.1327355,0.1840073,0.1505124,0.07842529,0.0163982,0.01893923,0.3607219,0.2976856,0.001444466,0.03571984,0.02315651,0.2459309,0,0,0,0,0,
March,0.0001882295,0.1137592,0.2403182,0.000323184,0.01717174,0.1327355,0.1840073,0.1505124,0.07842529,0.0163982,0.01893923,0.3607219,0.2976856,0.001444466,0.03571984,0.02315651,0.2459309,0,0,0,0,0,
April,0.0001882295,0.1137592,0.2403182,0.000323184,0.01717174,0.1327355,0.1840073,0.1505124,0.07842529,0.0163982,0.01893923,0.3607219,0.2976856,0.001444466,0.03571984,0.02315651,0.2459309,0,0,0,0,0,
May,0.0001882295,0.1137592,0.2403182,0.000323184,0.01717174,0.1327355,0.1840073,0.1505124,0.07842529,0.0163982,0.01893923,0.3607219,0.2976856,0.001444466,0.03571984,0.02315651,0.2459309,0,0,0,0,0,
June,0.0001882295,0.1137592,0.2403182,0.000323184,0.01717174,0.1327355,0.1840073,0.1505124,0.07842529,0.0163982,0.01893923,0.3607219,0.2976856,0.001444466,0.03571984,0.02315651,0.2459309,0,0,0,0,0,
July,0.0001882295,0.1137592,0.2403182,0.000323184,0.01717174,0.1327355,0.1840073,0.1505124,0.07842529,0.0163982,0.01893923,0.3607219,0.2976856,0.001444466,0.03571984,0.02315651,0.2459309,0,0,0,0,0,
August,0.0001882295,0.1137592,0.2403182,0.000323184,0.01717174,0.1327355,0.1840073,0.1505124,0.07842529,0.0163982,0.01893923,0.3607219,0.2976856,0.001444466,0.03571984,0.02315651,0.2459309,0,0,0,0,0,
September,0.0001882295,0.1137592,0.2403182,0.000323184,0.01717174,0.1327355,0.1840073,0.1505124,0.07842529,0.0163982,0.01893923,0.3607219,0.2976856,0.001444466,0.03571984,0.02315651,0.2459309,0,0,0,0,0,
October,0.0001882295,0.1137592,0.2403182,0.000323184,0.01717174,0.1327355,0.1840073,0.1505124,0.07842529,0.0163982,0.01893923,0.3607219,0.2976856,0.001444466,0.03571984,0.02315651,0.2459309,0,0,0,0,0,
November,0.0001882295,0.1137592,0.2403182,0.000323184,0.01717174,0.1327355,0.1840073,0.1505124,0.07842529,0.0163982,0.01893923,0.3607219,0.2976856,0.001444466,0.03571984,0.02315651,0.2459309,0,0,0,0,0,
December,0.0001882295,0.1137592,0.2403182,0.000323184,0.01717174,0.1327355,0.1840073,0.1505124,0.07842529,0.0163982,0.01893923,0.3607219,0.2976856,0.001444466,0.03571984,0.02315651,0.2459309,0,0,0,0,0,
2012,0.0001882295,0.09272111,0.226489,0.000231826,0.01244832,0.09773768,0.1446419,0.1191992,0.05995144,0.01234731,0.01893923,0.5163862,0.2618054,0.003252691,0.1102371,0.004974755,0.2604871,0,0,0,0,0,
February,0.0001882295,0.09272111,0.226489,0.000231826,0.01244832,0.09773768,0.1446419,0.1191992,0.05995144,0.01234731,0.01893923,0.5163862,0.2618054,0.003252691,0.1102371,0.004974755,0.2604871,0,0,0,0,0,
March,0.0001882295,0.09272111,0.226489,0.000231826,0.01244832,0.09773768,0.1446419,0.1191992,0.05995144,0.01234731,0.01893923,0.5163862,0.2618054,0.003252691,0.1102371,0.004974755,0.2604871,0,0,0,0,0,
April,0.0001882295,0.09272111,0.226489,0.000231826,0.01244832,0.09773768,0.1446419,0.1191992,0.05995144,0.01234731,0.01893923,0.5163862,0.2618054,0.003252691,0.1102371,0.004974755,0.2604871,0,0,0,0,0,
May,0.0001882295,0.09272111,0.226489,0.000231826,0.01244832,0.09773768,0.1446419,0.1191992,0.05995144,0.01234731,0.01893923,0.5163862,0.2618054,0.003252691,0.1102371,0.004974755,0.2604871,0,0,0,0,0,
June,0.0001882295,0.09272111,0.226489,0.000231826,0.01244832,0.09773768,0.1446419,0.1191992,0.05995144,0.01234731,0.01893923,0.5163862,0.2618054,0.003252691,0.1102371,0.004974755,0.2604871,0,0,0,0,0,
July,0.0001882295,0.09272111,0.226489,0.000231826,0.01244832,0.09773768,0.1446419,0.1191992,0.05995144,0.01234731,0.01893923,0.5163862,0.2618054,0.003252691,0.1102371,0.004974755,0.2604871,0,0,0,0,0,
August,0.0001882295,0.09272111,0.226489,0.000231826,0.01244832,0.09773768,0.1446419,0.1191992,0.05995144,0.01234731,0.01893923,0.5163862,0.2618054,0.003252691,0.1102371,0.004974755,0.2604871,0,0,0,0,0,
September,0.0001882295,0.09272111,0.226489,0.000231826,0.01244832,0.09773768,0.1446419,0.1191992,0.05995144,0.01234731,0.01893923,0.5163862,0.2618054,0.003252691,0.1102371,0.004974755,0.2604871,0,0,0,0,0,
October,0.0001882295,0.09272111,0.226489,0.000231826,0.01244832,0.09773768,0.1446419,0.1191992,0.05995144,0.01234731,0.01893923,0.5163862,0.2618054,0.003252691,0.1102371,0.004974755,0.2604871,0,0,0,0,0,
November,0.0001882295,0.09272111,0.226489,0.000231826,0.01244832,0.09773768,0.1446419,0.1191992,0.05995144,0.01234731,0.01893923,0.5163862,0.2618054,0.003252691,0.1102371,0.004974755,0.2604871,0,0,0,0,0,
December,0.0001882295,0.09272111,0.226489,0.000231826,0.01244832,0.09773768,0.1446419,0.1191992,0.05995144,0.01234731,0.01893923,0.5163862,0.2618054,0.003252691,0.1102371,0.004974755,0.2604871,0,0,0,0,0,
2013,0.0001882295,0.09834218,0.2640274,0.000190534,0.01055921,0.08982344,0.121763,0.07303665,0.02100618,0.004622983,0.01893923,0.4766334,0.2204682,0.000831624,0.09918614,0.0758561,0.2398002,0,0,0,0,0,
February,0.0001882295,0.09834218,0.2640274,0.000190534,0.01055921,0.08982344,0.121763,0.07303665,0.02100618,0.004622983,0.01893923,0.4766334,0.2204682,0.000831624,0.09918614,0.0758561,0.2398002,0,0,0,0,0,
March,0.0001882295,0.09834218,0.2640274,0.000190534,0.01055921,0.08982344,0.121763,0.07303665,0.02100618,0.004622983,0.01893923,0.4766334,0.2204682,0.000831624,0.09918614,0.0758561,0.2398002,0,0,0,0,0,
April,0.0001882295,0.09834218,0.2640274,0.000190534,0.01055921,0.08982344,0.121763,0.07303665,0.02100618,0.004622983,0.01893923,0.4766334,0.2204682,0.000831624,0.09918614,0.0758561,0.2398002,0,0,0,0,0,
May,0.0001882295,0.09834218,0.2640274,0.000190534,0.01055921,0.08982344,0.121763,0.07303665,0.02100618,0.004622983,0.01893923,0.4766334,0.2204682,0.000831624,0.09918614,0.0758561,0.2398002,0,0,0,0,0,
June,0.0001882295,0.09834218,0.2640274,0.000190534,0.01055921,0.08982344,0.121763,0.07303665,0.02100618,0.004622983,0.01893923,0.4766334,0.2204682,0.000831624,0.09918614,0.0758561,0.2398002,0,0,0,0,0,
July,0.0001882295,0.09834218,0.2640274,0.000190534,0.01055921,0.08982344,0.121763,0.07303665,0.02100618,0.004622983,0.01893923,0.4766334,0.2204682,0.000831624,0.09918614,0.0758561,0.2398002,0,0,0,0,0,
August,0.0001882295,0.09834218,0.2640274,0.000190534,0.01055921,0.08982344,0.121763,0.07303665,0.02100618,0.004622983,0.01893923,0.4766334,0.2204682,0.000831624,0.09918614,0.0758561,0.2398002,0,0,0,0,0,
September,0.0001882295,0.09834218,0.2640274,0.000190534,0.01055921,0.08982344,0.121763,0.07303665,0.02100618,0.004622983,0.01893923,0.4766334,0.2204682,0.000831624,0.09918614,0.0758561,0.2398002,0,0,0,0,0,
October,0.0001882295,0.09834218,0.2640274,0.000190534,0.01055921,0.08982344,0.121763,0.07303665,0.02100618,0.004622983,0.01893923,0.4766334,0.2204682,0.000831624,0.09918614,0.0758561,0.2398002,0,0,0,0,0,
November,0.0001882295,0.09834218,0.2640274,0.000190534,0.01055921,0.08982344,0.121763,0.07303665,0.02100618,0.004622983,0.01893923,0.4766334,0.2204682,0.000831624,0.09918614,0.0758561,0.2398002,0,0,0,0,0,
December,0.0001882295,0.09834218,0.2640274,0.000190534,0.01055921,0.08982344,0.121763,0.07303665,0.02100618,0.004622983,0.01893923,0.4766334,0.2204682,0.000831624,0.09918614,0.0758561,0.2398002,0,0,0,0,0,
2014,0.0001882295,0.09869326,0.2699433,0.000259244,0.01447087,0.1240518,0.1701833,0.1020176,0.02909858,0.006467676,0.01893923,0.5374373,0.1890455,0.000891222,0.0557707,0.03618021,0.2377926,0,0,0,0,0,
February,0.0001882295,0.09869326,0.2699433,0.000259244,0.01447087,0.1240518,0.1701833,0.1020176,0.02909858,0.006467676,0.01893923,0.5374373,0.1890455,0.000891222,0.0557707,0.03618021,0.2377926,0,0,0,0,0,
March,0.0001882295,0.09869326,0.2699433,0.000259244,0.01447087,0.1240518,0.1701833,0.1020176,0.02909858,0.006467676,0.01893923,0.5374373,0.1890455,0.000891222,0.0557707,0.03618021,0.2377926,0,0,0,0,0,
April,0.0001882295,0.09869326,0.2699433,0.000259244,0.01447087,0.1240518,0.1701833,0.1020176,0.02909858,0.006467676,0.01893923,0.5374373,0.1890455,0.000891222,0.0557707,0.03618021,0.2377926,0,0,0,0,0,
May,0.0001882295,0.09869326,0.2699433,0.000259244,0.01447087,0.1240518,0.1701833,0.1020176,0.02909858,0.006467676,0.01893923,0.5374373,0.1890455,0.000891222,0.0557707,0.03618021,0.2377926,0,0,0,0,0,
June,0.0001882295,0.09869326,0.2699433,0.000259244,0.01447087,0.1240518,0.1701833,0.1020176,0.02909858,0.006467676,0.01893923,0.5374373,0.1890455,0.000891222,0.0557707,0.03618021,0.2377926,0,0,0,0,0,
July,0.0001882295,0.09869326,0.2699433,0.000259244,0.01447087,0.1240518,0.1701833,0.1020176,0.02909858,0.006467676,0.01893923,0.5374373,0.1890455,0.000891222,0.0557707,0.03618021,0.2377926,0,0,0,0,0,
August,0.0001882295,0.09869326,0.2699433,0.000259244,0.01447087,0.1240518,0.1701833,0.1020176,0.02909858,0.006467676,0.01893923,0.5374373,0.1890455,0.000891222,0.0557707,0.03618021,0.2377926,0,0,0,0,0,
September,0.0001882295,0.09869326,0.2699433,0.000259244,0.01447087,0.1240518,0.1701833,0.1020176,0.02909858,0.006467676,0.01893923,0.5374373,0.1890455,0.000891222,0.0557707,0.03618021,0.2377926,0,0,0,0,0,
October,0.0001882295,0.09869326,0.2699433,0.000259244,0.01447087,0.1240518,0.1701833,0.1020176,0.02909858,0.006467676,0.01893923,0.5374373,0.1890455,0.000891222,0.0557707,0.03618021,0.2377926,0,0,0,0,0,
November,0.0001882295,0.09869326,0.2699433,0.000259244,0.01447087,0.1240518,0.1701833,0.1020176,0.02909858,0.006467676,0.01893923,0.5374373,0.1890455,0.000891222,0.0557707,0.03618021,0.2377926,0,0,0,0,0,
December,0.0001882295,0.09869326,0.2699433,0.000259244,0.01447087,0.1240518,0.1701833,0.1020176,0.02909858,0.006467676,0.01893923,0.5374373,0.1890455,0.000891222,0.0557707,0.03618021,0.2377926,0,0,0,0,0,
2015,0.0001882295,0.1042313,0.2835286,0.000315015,0.01751037,0.1518549,0.2174096,0.1295411,0.03545948,0.007657224,0.01893923,0.2656345,0.2647868,0.00391347,0.07953631,0.003311629,0.230566,0,0,0,0,0,
February,0.0001882295,0.1042313,0.2835286,0.000315015,0.01751037,0.1518549,0.2174096,0.1295411,0.03545948,0.007657224,0.01893923,0.2656345,0.2647868,0.00391347,0.07953631,0.003311629,0.230566,0,0,0,0,0,
March,0.0001882295,0.1042313,0.2835286,0.000315015,0.01751037,0.1518549,0.2174096,0.1295411,0.03545948,0.007657224,0.01893923,0.2656345,0.2647868,0.00391347,0.07953631,0.003311629,0.230566,0,0,0,0,0,
April,0.0001882295,0.1042313,0.2835286,0.000315015,0.01751037,0.1518549,0.2174096,0.1295411,0.03545948,0.007657224,0.01893923,0.2656345,0.2647868,0.00391347,0.07953631,0.003311629,0.230566,0,0,0,0,0,
May,0.0001882295,0.1042313,0.2835286,0.000315015,0.01751037,0.1518549,0.2174096,0.1295411,0.03545948,0.007657224,0.01893923,0.2656345,0.2647868,0.00391347,0.07953631,0.003311629,0.230566,0,0,0,0,0,
June,0.0001882295,0.1042313,0.2835286,0.000315015,0.01751037,0.1518549,0.2174096,0.1295411,0.03545948,0.007657224,0.01893923,0.2656345,0.2647868,0.00391347,0.07953631,0.003311629,0.230566,0,0,0,0,0,
July,0.0001882295,0.1042313,0.2835286,0.000315015,0.01751037,0.1518549,0.2174096,0.1295411,0.03545948,0.007657224,0.01893923,0.2656345,0.2647868,0.00391347,0.07953631,0.003311629,0.230566,0,0,0,0,0,
August,0.0001882295,0.1042313,0.2835286,0.000315015,0.01751037,0.1518549,0.2174096,0.1295411,0.03545948,0.007657224,0.01893923,0.2656345,0.2647868,0.00391347,0.07953631,0.003311629,0.230566,0,0,0,0,0,
September,0.0001882295,0.1042313,0.2835286,0.000315015,0.01751037,0.1518549,0.2174096,0.1295411,0.03545948,0.007657224,0.01893923,0.2656345,0.2647868,0.00391347,0.07953631,0.003311629,0.230566,0,0,0,0,0,
October,0.0001882295,0.1042313,0.2835286,0.000315015,0.01751037,0.1518549,0.2174096,0.1295411,0.03545948,0.007657224,0.01893923,0.2656345,0.2647868,0.00391347,0.07953631,0.003311629,0.230566,0,0,0,0,0,
November,0.0001882295,0.1042313,0.2835286,0.000315015,0.01751037,0.1518549,0.2174096,0.1295411,0.03545948,0.007657224,0.01893923,0.2656345,0.2647868,0.00391347,0.07953631,0.003311629,0.230566,0,0,0,0,0,
December,0.0001882295,0.1042313,0.2835286,0.000315015,0.01751037,0.1518549,0.2174096,0.1295411,0.03545948,0.007657224,0.01893923,0.2656345,0.2647868,0.00391347,0.07953631,0.003311629,0.230566,0,0,0,0,0,
2016,0.0001882295,0.1130439,0.3589694,0.000222482,0.01246045,0.1262931,0.2096772,0.123328,0.03232222,0.006801429,0.01893923,0.5299085,0.1894206,0.001346438,0.0589195,0.024697,0.2574918,0,0,0,0,0,
February,0.0001882295,0.1130439,0.3589694,0.000222482,0.01246045,0.1262931,0.2096772,0.123328,0.03232222,0.006801429,0.01893923,0.5299085,0.1894206,0.001346438,0.0589195,0.024697,0.2574918,0,0,0,0,0,
March,0.0001882295,0.1130439,0.3589694,0.000222482,0.01246045,0.1262931,0.2096772,0.123328,0.03232222,0.006801429,0.01893923,0.5299085,0.1894206,0.001346438,0.0589195,0.024697,0.2574918,0,0,0,0,0,
April,0.0001882295,0.1130439,0.3589694,0.000222482,0.01246045,0.1262931,0.2096772,0.123328,0.03232222,0.006801429,0.01893923,0.5299085,0.1894206,0.001346438,0.0589195,0.024697,0.2574918,0,0,0,0,0,
May,0.0001882295,0.1130439,0.3589694,0.000222482,0.01246045,0.1262931,0.2096772,0.123328,0.03232222,0.006801429,0.01893923,0.5299085,0.1894206,0.001346438,0.0589195,0.024697,0.2574918,0,0,0,0,0,
June,0.0001882295,0.1130439,0.3589694,0.000222482,0.01246045,0.1262931,0.2096772,0.123328,0.03232222,0.006801429,0.01893923,0.5299085,0.1894206,0.001346438,0.0589195,0.024697,0.2574918,0,0,0,0,0,
July,0.0001882295,0.1130439,0.3589694,0.000222482,0.01246045,0.1262931,0.2096772,0.123328,0.03232222,0.006801429,0.01893923,0.5299085,0.1894206,0.001346438,0.0589195,0.024697,0.2574918,0,0,0,0,0,
August,0.0001882295,0.1130439,0.3589694,0.000222482,0.01246045,0.1262931,0.2096772,0.123328,0.03232222,0.006801429,0.01893923,0.5299085,0.1894206,0.001346438,0.0589195,0.024697,0.2574918,0,0,0,0,0,
September,0.0001882295,0.1130439,0.3589694,0.000222482,0.01246045,0.1262931,0.2096772,0.123328,0.03232222,0.006801429,0.01893923,0.5299085,0.1894206,0.001346438,0.0589195,0.024697,0.2574918,0,0,0,0,0,
October,0.0001882295,0.1130439,0.3589694,0.000222482,0.01246045,0.1262931,0.2096772,0.123328,0.03232222,0.006801429,0.01893923,0.5299085,0.1894206,0.001346438,0.0589195,0.024697,0.2574918,0,0,0,0,0,
November,0.0001882295,0.1130439,0.3589694,0.000222482,0.01246045,0.1262931,0.2096772,0.123328,0.03232222,0.006801429,0.01893923,0.5299085,0.1894206,0.001346438,0.0589195,0.024697,0.2574918,0,0,0,0,0,
December,0.0001882295,0.1130439,0.3589694,0.000222482,0.01246045,0.1262931,0.2096772,0.123328,0.03232222,0.006801429,0.01893923,0.5299085,0.1894206,0.001346438,0.0589195,0.024697,0.2574918,0,0,0,0,0,
2017,0.0001882295,0.1107925,0.2942654,0.000135961,0.007672264,0.08811444,0.157045,0.09195568,0.02416422,0.005082002,0.01893923,0.6488021,0.3836895,0.001539058,0.06880698,0.03944127,0.2834153,0,0,0,0,0,
February,0.0001882295,0.1107925,0.2942654,0.000135961,0.007672264,0.08811444,0.157045,0.09195568,0.02416422,0.005082002,0.01893923,0.6488021,0.3836895,0.001539058,0.06880698,0.03944127,0.2834153,0,0,0,0,0,
March,0.0001882295,0.1107925,0.2942654,0.000135961,0.007672264,0.08811444,0.157045,0.09195568,0.02416422,0.005082002,0.01893923,0.6488021,0.3836895,0.001539058,0.06880698,0.03944127,0.2834153,0,0,0,0,0,
April,0.0001882295,0.1107925,0.2942654,0.000135961,0.007672264,0.08811444,0.157045,0.09195568,0.02416422,0.005082002,0.01893923,0.6488021,0.3836895,0.001539058,0.06880698,0.03944127,0.2834153,0,0,0,0,0,
May,0.0001882295,0.1107925,0.2942654,0.000135961,0.007672264,0.08811444,0.157045,0.09195568,0.02416422,0.005082002,0.01893923,0.6488021,0.3836895,0.001539058,0.06880698,0.03944127,0.2834153,0,0,0,0,0,
June,0.0001882295,0.1107925,0.2942654,0.000135961,0.007672264,0.08811444,0.157045,0.09195568,0.02416422,0.005082002,0.01893923,0.6488021,0.3836895,0.001539058,0.06880698,0.03944127,0.2834153,0,0,0,0,0,
July,0.0001882295,0.1107925,0.2942654,0.000135961,0.007672264,0.08811444,0.157045,0.09195568,0.02416422,0.005082002,0.01893923,0.6488021,0.3836895,0.001539058,0.06880698,0.03944127,0.2834153,0,0,0,0,0,
August,0.0001882295,0.1107925,0.2942654,0.000135961,0.007672264,0.08811444,0.157045,0.09195568,0.02416422,0.005082002,0.01893923,0.6488021,0.3836895,0.001539058,0.06880698,0.03944127,0.2834153,0,0,0,0,0,
September,0.0001882295,0.1107925,0.2942654,0.000135961,0.007672264,0.08811444,0.157045,0.09195568,0.02416422,0.005082002,0.01893923,0.6488021,0.3836895,0.001539058,0.06880698,0.03944127,0.2834153,0,0,0,0,0,
October,0.0001882295,0.1107925,0.2942654,0.000135961,0.007672264,0.08811444,0.157045,0.09195568,0.02416422,0.005082002,0.01893923,0.6488021,0.3836895,0.001539058,0.06880698,0.03944127,0.2834153,0,0,0,0,0,
November,0.0001882295,0.1107925,0.2942654,0.000135961,0.007672264,0.08811444,0.157045,0.09195568,0.02416422,0.005082002,0.01893923,0.6488021,0.3836895,0.001539058,0.06880698,0.03944127,0.2834153,0,0,0,0,0,
December,0.0001882295,0.1107925,0.2942654,0.000135961,0.007672264,0.08811444,0.157045,0.09195568,0.02416422,0.005082002,0.01893923,0.6488021,0.3836895,0.001539058,0.06880698,0.03944127,0.2834153,0,0,0,0,0,
,,,,,,,,,,,,,,,,,,,,,,,
