Index,1,2,3,4,5,6,7,8,9,10,11,12,13,14,15,16,17,18,19,20,21,22
Image,,,,,,,,,,,,,,,,,,,,,,
Name,striped bass 0,striped bass 2-5,striped bass 6+,menhaden 0,menhaden 1,menhaden 2,menhaden 3,menhaden 4,menhaden 5,menhaden 6+,spiny dogfish,bluefish juv,bluefish adult,weakfish juv,weakfish adult,Atlantic herring 0-1,Atlantic herring 2+,anchovies,benthos,zooplankton,phytoplankton,Detritus
1985,0.00018823,0.08935049,0.1737976,0.003576512,0.058628311,0.468167185,0.634585573,0.498624664,0.397189108,0.146431974,0.01893923,1.088567,0.2829107,0.01086975,0.222037,0.4516074,0.3950204,0,0,0,0,0
February,0.00018823,0.08935049,0.1737976,0.003576512,0.058628311,0.468167185,0.634585573,0.498624664,0.397189108,0.146431974,0.01893923,1.088567,0.2829107,0.01086975,0.222037,0.4516074,0.3950204,0,0,0,0,0
March,0.00018823,0.08935049,0.1737976,0.003576512,0.058628311,0.468167185,0.634585573,0.498624664,0.397189108,0.146431974,0.01893923,1.088567,0.2829107,0.01086975,0.222037,0.4516074,0.3950204,0,0,0,0,0
April,0.00018823,0.08935049,0.1737976,0.003576512,0.058628311,0.468167185,0.634585573,0.498624664,0.397189108,0.146431974,0.01893923,1.088567,0.2829107,0.01086975,0.222037,0.4516074,0.3950204,0,0,0,0,0
May,0.00018823,0.08935049,0.1737976,0.003576512,0.058628311,0.468167185,0.634585573,0.498624664,0.397189108,0.146431974,0.01893923,1.088567,0.2829107,0.01086975,0.222037,0.4516074,0.3950204,0,0,0,0,0
June,0.00018823,0.08935049,0.1737976,0.003576512,0.058628311,0.468167185,0.634585573,0.498624664,0.397189108,0.146431974,0.01893923,1.088567,0.2829107,0.01086975,0.222037,0.4516074,0.3950204,0,0,0,0,0
July,0.00018823,0.08935049,0.1737976,0.003576512,0.058628311,0.468167185,0.634585573,0.498624664,0.397189108,0.146431974,0.01893923,1.088567,0.2829107,0.01086975,0.222037,0.4516074,0.3950204,0,0,0,0,0
August,0.00018823,0.08935049,0.1737976,0.003576512,0.058628311,0.468167185,0.634585573,0.498624664,0.397189108,0.146431974,0.01893923,1.088567,0.2829107,0.01086975,0.222037,0.4516074,0.3950204,0,0,0,0,0
September,0.00018823,0.08935049,0.1737976,0.003576512,0.058628311,0.468167185,0.634585573,0.498624664,0.397189108,0.146431974,0.01893923,1.088567,0.2829107,0.01086975,0.222037,0.4516074,0.3950204,0,0,0,0,0
October,0.00018823,0.08935049,0.1737976,0.003576512,0.058628311,0.468167185,0.634585573,0.498624664,0.397189108,0.146431974,0.01893923,1.088567,0.2829107,0.01086975,0.222037,0.4516074,0.3950204,0,0,0,0,0
November,0.00018823,0.08935049,0.1737976,0.003576512,0.058628311,0.468167185,0.634585573,0.498624664,0.397189108,0.146431974,0.01893923,1.088567,0.2829107,0.01086975,0.222037,0.4516074,0.3950204,0,0,0,0,0
December,0.00018823,0.08935049,0.1737976,0.003576512,0.058628311,0.468167185,0.634585573,0.498624664,0.397189108,0.146431974,0.01893923,1.088567,0.2829107,0.01086975,0.222037,0.4516074,0.3950204,0,0,0,0,0
1986,0.00018823,0.0987844,0.1442665,0.002414426,0.03822352,0.241879784,0.274655322,0.191103029,0.127317555,0.046179932,0.01893923,1.083504,0.7180001,0.01705109,0.3276199,0.04967128,0.3360771,0,0,0,0,0
February,0.00018823,0.0987844,0.1442665,0.002414426,0.03822352,0.241879784,0.274655322,0.191103029,0.127317555,0.046179932,0.01893923,1.083504,0.7180001,0.01705109,0.3276199,0.04967128,0.3360771,0,0,0,0,0
March,0.00018823,0.0987844,0.1442665,0.002414426,0.03822352,0.241879784,0.274655322,0.191103029,0.127317555,0.046179932,0.01893923,1.083504,0.7180001,0.01705109,0.3276199,0.04967128,0.3360771,0,0,0,0,0
April,0.00018823,0.0987844,0.1442665,0.002414426,0.03822352,0.241879784,0.274655322,0.191103029,0.127317555,0.046179932,0.01893923,1.083504,0.7180001,0.01705109,0.3276199,0.04967128,0.3360771,0,0,0,0,0
May,0.00018823,0.0987844,0.1442665,0.002414426,0.03822352,0.241879784,0.274655322,0.191103029,0.127317555,0.046179932,0.01893923,1.083504,0.7180001,0.01705109,0.3276199,0.04967128,0.3360771,0,0,0,0,0
June,0.00018823,0.0987844,0.1442665,0.002414426,0.03822352,0.241879784,0.274655322,0.191103029,0.127317555,0.046179932,0.01893923,1.083504,0.7180001,0.01705109,0.3276199,0.04967128,0.3360771,0,0,0,0,0
July,0.00018823,0.0987844,0.1442665,0.002414426,0.03822352,0.241879784,0.274655322,0.191103029,0.127317555,0.046179932,0.01893923,1.083504,0.7180001,0.01705109,0.3276199,0.04967128,0.3360771,0,0,0,0,0
August,0.00018823,0.0987844,0.1442665,0.002414426,0.03822352,0.241879784,0.274655322,0.191103029,0.127317555,0.046179932,0.01893923,1.083504,0.7180001,0.01705109,0.3276199,0.04967128,0.3360771,0,0,0,0,0
September,0.00018823,0.0987844,0.1442665,0.002414426,0.03822352,0.241879784,0.274655322,0.191103029,0.127317555,0.046179932,0.01893923,1.083504,0.7180001,0.01705109,0.3276199,0.04967128,0.3360771,0,0,0,0,0
October,0.00018823,0.0987844,0.1442665,0.002414426,0.03822352,0.241879784,0.274655322,0.191103029,0.127317555,0.046179932,0.01893923,1.083504,0.7180001,0.01705109,0.3276199,0.04967128,0.3360771,0,0,0,0,0
November,0.00018823,0.0987844,0.1442665,0.002414426,0.03822352,0.241879784,0.274655322,0.191103029,0.127317555,0.046179932,0.01893923,1.083504,0.7180001,0.01705109,0.3276199,0.04967128,0.3360771,0,0,0,0,0
December,0.00018823,0.0987844,0.1442665,0.002414426,0.03822352,0.241879784,0.274655322,0.191103029,0.127317555,0.046179932,0.01893923,1.083504,0.7180001,0.01705109,0.3276199,0.04967128,0.3360771,0,0,0,0,0
1987,0.00018823,0.0665535,0.06589811,0.003063653,0.048617428,0.314919464,0.349834921,0.243682761,0.17383415,0.065785504,0.01893923,2.179142,0.7483844,0.02150407,0.263965,0.4621631,0.2620094,0,0,0,0,0
February,0.00018823,0.0665535,0.06589811,0.003063653,0.048617428,0.314919464,0.349834921,0.243682761,0.17383415,0.065785504,0.01893923,2.179142,0.7483844,0.02150407,0.263965,0.4621631,0.2620094,0,0,0,0,0
March,0.00018823,0.0665535,0.06589811,0.003063653,0.048617428,0.314919464,0.349834921,0.243682761,0.17383415,0.065785504,0.01893923,2.179142,0.7483844,0.02150407,0.263965,0.4621631,0.2620094,0,0,0,0,0
April,0.00018823,0.0665535,0.06589811,0.003063653,0.048617428,0.314919464,0.349834921,0.243682761,0.17383415,0.065785504,0.01893923,2.179142,0.7483844,0.02150407,0.263965,0.4621631,0.2620094,0,0,0,0,0
May,0.00018823,0.0665535,0.06589811,0.003063653,0.048617428,0.314919464,0.349834921,0.243682761,0.17383415,0.065785504,0.01893923,2.179142,0.7483844,0.02150407,0.263965,0.4621631,0.2620094,0,0,0,0,0
June,0.00018823,0.0665535,0.06589811,0.003063653,0.048617428,0.314919464,0.349834921,0.243682761,0.17383415,0.065785504,0.01893923,2.179142,0.7483844,0.02150407,0.263965,0.4621631,0.2620094,0,0,0,0,0
July,0.00018823,0.0665535,0.06589811,0.003063653,0.048617428,0.314919464,0.349834921,0.243682761,0.17383415,0.065785504,0.01893923,2.179142,0.7483844,0.02150407,0.263965,0.4621631,0.2620094,0,0,0,0,0
August,0.00018823,0.0665535,0.06589811,0.003063653,0.048617428,0.314919464,0.349834921,0.243682761,0.17383415,0.065785504,0.01893923,2.179142,0.7483844,0.02150407,0.263965,0.4621631,0.2620094,0,0,0,0,0
September,0.00018823,0.0665535,0.06589811,0.003063653,0.048617428,0.314919464,0.349834921,0.243682761,0.17383415,0.065785504,0.01893923,2.179142,0.7483844,0.02150407,0.263965,0.4621631,0.2620094,0,0,0,0,0
October,0.00018823,0.0665535,0.06589811,0.003063653,0.048617428,0.314919464,0.349834921,0.243682761,0.17383415,0.065785504,0.01893923,2.179142,0.7483844,0.02150407,0.263965,0.4621631,0.2620094,0,0,0,0,0
November,0.00018823,0.0665535,0.06589811,0.003063653,0.048617428,0.314919464,0.349834921,0.243682761,0.17383415,0.065785504,0.01893923,2.179142,0.7483844,0.02150407,0.263965,0.4621631,0.2620094,0,0,0,0,0
December,0.00018823,0.0665535,0.06589811,0.003063653,0.048617428,0.314919464,0.349834921,0.243682761,0.17383415,0.065785504,0.01893923,2.179142,0.7483844,0.02150407,0.263965,0.4621631,0.2620094,0,0,0,0,0
1988,0.00018823,0.03442877,0.1711593,0.003950942,0.064146623,0.413947241,0.442993929,0.298224313,0.198851706,0.074439883,0.01893923,0.5859821,0.7208907,0.02517006,0.536602,0.05371143,0.3091995,0,0,0,0,0
February,0.00018823,0.03442877,0.1711593,0.003950942,0.064146623,0.413947241,0.442993929,0.298224313,0.198851706,0.074439883,0.01893923,0.5859821,0.7208907,0.02517006,0.536602,0.05371143,0.3091995,0,0,0,0,0
March,0.00018823,0.03442877,0.1711593,0.003950942,0.064146623,0.413947241,0.442993929,0.298224313,0.198851706,0.074439883,0.01893923,0.5859821,0.7208907,0.02517006,0.536602,0.05371143,0.3091995,0,0,0,0,0
April,0.00018823,0.03442877,0.1711593,0.003950942,0.064146623,0.413947241,0.442993929,0.298224313,0.198851706,0.074439883,0.01893923,0.5859821,0.7208907,0.02517006,0.536602,0.05371143,0.3091995,0,0,0,0,0
May,0.00018823,0.03442877,0.1711593,0.003950942,0.064146623,0.413947241,0.442993929,0.298224313,0.198851706,0.074439883,0.01893923,0.5859821,0.7208907,0.02517006,0.536602,0.05371143,0.3091995,0,0,0,0,0
June,0.00018823,0.03442877,0.1711593,0.003950942,0.064146623,0.413947241,0.442993929,0.298224313,0.198851706,0.074439883,0.01893923,0.5859821,0.7208907,0.02517006,0.536602,0.05371143,0.3091995,0,0,0,0,0
July,0.00018823,0.03442877,0.1711593,0.003950942,0.064146623,0.413947241,0.442993929,0.298224313,0.198851706,0.074439883,0.01893923,0.5859821,0.7208907,0.02517006,0.536602,0.05371143,0.3091995,0,0,0,0,0
August,0.00018823,0.03442877,0.1711593,0.003950942,0.064146623,0.413947241,0.442993929,0.298224313,0.198851706,0.074439883,0.01893923,0.5859821,0.7208907,0.02517006,0.536602,0.05371143,0.3091995,0,0,0,0,0
September,0.00018823,0.03442877,0.1711593,0.003950942,0.064146623,0.413947241,0.442993929,0.298224313,0.198851706,0.074439883,0.01893923,0.5859821,0.7208907,0.02517006,0.536602,0.05371143,0.3091995,0,0,0,0,0
October,0.00018823,0.03442877,0.1711593,0.003950942,0.064146623,0.413947241,0.442993929,0.298224313,0.198851706,0.074439883,0.01893923,0.5859821,0.7208907,0.02517006,0.536602,0.05371143,0.3091995,0,0,0,0,0
November,0.00018823,0.03442877,0.1711593,0.003950942,0.064146623,0.413947241,0.442993929,0.298224313,0.198851706,0.074439883,0.01893923,0.5859821,0.7208907,0.02517006,0.536602,0.05371143,0.3091995,0,0,0,0,0
December,0.00018823,0.03442877,0.1711593,0.003950942,0.064146623,0.413947241,0.442993929,0.298224313,0.198851706,0.074439883,0.01893923,0.5859821,0.7208907,0.02517006,0.536602,0.05371143,0.3091995,0,0,0,0,0
1989,0.00018823,0.01877306,0.04373693,0.0037644,0.060904711,0.434133001,0.533323776,0.394570722,0.293808486,0.108571938,0.01893923,0.7547276,0.3753387,0.02955609,0.4064258,0.02058613,0.2674867,0,0,0,0,0
February,0.00018823,0.01877306,0.04373693,0.0037644,0.060904711,0.434133001,0.533323776,0.394570722,0.293808486,0.108571938,0.01893923,0.7547276,0.3753387,0.02955609,0.4064258,0.02058613,0.2674867,0,0,0,0,0
March,0.00018823,0.01877306,0.04373693,0.0037644,0.060904711,0.434133001,0.533323776,0.394570722,0.293808486,0.108571938,0.01893923,0.7547276,0.3753387,0.02955609,0.4064258,0.02058613,0.2674867,0,0,0,0,0
April,0.00018823,0.01877306,0.04373693,0.0037644,0.060904711,0.434133001,0.533323776,0.394570722,0.293808486,0.108571938,0.01893923,0.7547276,0.3753387,0.02955609,0.4064258,0.02058613,0.2674867,0,0,0,0,0
May,0.00018823,0.01877306,0.04373693,0.0037644,0.060904711,0.434133001,0.533323776,0.394570722,0.293808486,0.108571938,0.01893923,0.7547276,0.3753387,0.02955609,0.4064258,0.02058613,0.2674867,0,0,0,0,0
June,0.00018823,0.01877306,0.04373693,0.0037644,0.060904711,0.434133001,0.533323776,0.394570722,0.293808486,0.108571938,0.01893923,0.7547276,0.3753387,0.02955609,0.4064258,0.02058613,0.2674867,0,0,0,0,0
July,0.00018823,0.01877306,0.04373693,0.0037644,0.060904711,0.434133001,0.533323776,0.394570722,0.293808486,0.108571938,0.01893923,0.7547276,0.3753387,0.02955609,0.4064258,0.02058613,0.2674867,0,0,0,0,0
August,0.00018823,0.01877306,0.04373693,0.0037644,0.060904711,0.434133001,0.533323776,0.394570722,0.293808486,0.108571938,0.01893923,0.7547276,0.3753387,0.02955609,0.4064258,0.02058613,0.2674867,0,0,0,0,0
September,0.00018823,0.01877306,0.04373693,0.0037644,0.060904711,0.434133001,0.533323776,0.394570722,0.293808486,0.108571938,0.01893923,0.7547276,0.3753387,0.02955609,0.4064258,0.02058613,0.2674867,0,0,0,0,0
October,0.00018823,0.01877306,0.04373693,0.0037644,0.060904711,0.434133001,0.533323776,0.394570722,0.293808486,0.108571938,0.01893923,0.7547276,0.3753387,0.02955609,0.4064258,0.02058613,0.2674867,0,0,0,0,0
November,0.00018823,0.01877306,0.04373693,0.0037644,0.060904711,0.434133001,0.533323776,0.394570722,0.293808486,0.108571938,0.01893923,0.7547276,0.3753387,0.02955609,0.4064258,0.02058613,0.2674867,0,0,0,0,0
December,0.00018823,0.01877306,0.04373693,0.0037644,0.060904711,0.434133001,0.533323776,0.394570722,0.293808486,0.108571938,0.01893923,0.7547276,0.3753387,0.02955609,0.4064258,0.02058613,0.2674867,0,0,0,0,0
1990,0.00018823,0.009358025,0.02578593,0.002826328,0.045282834,0.352505,0.49188106,0.390055195,0.305446259,0.110979563,0.01893923,0.436498,0.4395059,0.08295415,0.19066,0.008873817,0.2048837,0,0,0,0,0
February,0.00018823,0.009358025,0.02578593,0.002826328,0.045282834,0.352505,0.49188106,0.390055195,0.305446259,0.110979563,0.01893923,0.436498,0.4395059,0.08295415,0.19066,0.008873817,0.2048837,0,0,0,0,0
March,0.00018823,0.009358025,0.02578593,0.002826328,0.045282834,0.352505,0.49188106,0.390055195,0.305446259,0.110979563,0.01893923,0.436498,0.4395059,0.08295415,0.19066,0.008873817,0.2048837,0,0,0,0,0
April,0.00018823,0.009358025,0.02578593,0.002826328,0.045282834,0.352505,0.49188106,0.390055195,0.305446259,0.110979563,0.01893923,0.436498,0.4395059,0.08295415,0.19066,0.008873817,0.2048837,0,0,0,0,0
May,0.00018823,0.009358025,0.02578593,0.002826328,0.045282834,0.352505,0.49188106,0.390055195,0.305446259,0.110979563,0.01893923,0.436498,0.4395059,0.08295415,0.19066,0.008873817,0.2048837,0,0,0,0,0
June,0.00018823,0.009358025,0.02578593,0.002826328,0.045282834,0.352505,0.49188106,0.390055195,0.305446259,0.110979563,0.01893923,0.436498,0.4395059,0.08295415,0.19066,0.008873817,0.2048837,0,0,0,0,0
July,0.00018823,0.009358025,0.02578593,0.002826328,0.045282834,0.352505,0.49188106,0.390055195,0.305446259,0.110979563,0.01893923,0.436498,0.4395059,0.08295415,0.19066,0.008873817,0.2048837,0,0,0,0,0
August,0.00018823,0.009358025,0.02578593,0.002826328,0.045282834,0.352505,0.49188106,0.390055195,0.305446259,0.110979563,0.01893923,0.436498,0.4395059,0.08295415,0.19066,0.008873817,0.2048837,0,0,0,0,0
September,0.00018823,0.009358025,0.02578593,0.002826328,0.045282834,0.352505,0.49188106,0.390055195,0.305446259,0.110979563,0.01893923,0.436498,0.4395059,0.08295415,0.19066,0.008873817,0.2048837,0,0,0,0,0
October,0.00018823,0.009358025,0.02578593,0.002826328,0.045282834,0.352505,0.49188106,0.390055195,0.305446259,0.110979563,0.01893923,0.436498,0.4395059,0.08295415,0.19066,0.008873817,0.2048837,0,0,0,0,0
November,0.00018823,0.009358025,0.02578593,0.002826328,0.045282834,0.352505,0.49188106,0.390055195,0.305446259,0.110979563,0.01893923,0.436498,0.4395059,0.08295415,0.19066,0.008873817,0.2048837,0,0,0,0,0
December,0.00018823,0.009358025,0.02578593,0.002826328,0.045282834,0.352505,0.49188106,0.390055195,0.305446259,0.110979563,0.01893923,0.436498,0.4395059,0.08295415,0.19066,0.008873817,0.2048837,0,0,0,0,0
1991,0.00018823,0.01292474,0.03179315,0.003050237,0.048217116,0.329102342,0.404797469,0.298202298,0.217621731,0.07964779,0.01893923,0.8439185,0.4685323,0.03170458,0.3239949,0.003791899,0.1871812,0,0,0,0,0
February,0.00018823,0.01292474,0.03179315,0.003050237,0.048217116,0.329102342,0.404797469,0.298202298,0.217621731,0.07964779,0.01893923,0.8439185,0.4685323,0.03170458,0.3239949,0.003791899,0.1871812,0,0,0,0,0
March,0.00018823,0.01292474,0.03179315,0.003050237,0.048217116,0.329102342,0.404797469,0.298202298,0.217621731,0.07964779,0.01893923,0.8439185,0.4685323,0.03170458,0.3239949,0.003791899,0.1871812,0,0,0,0,0
April,0.00018823,0.01292474,0.03179315,0.003050237,0.048217116,0.329102342,0.404797469,0.298202298,0.217621731,0.07964779,0.01893923,0.8439185,0.4685323,0.03170458,0.3239949,0.003791899,0.1871812,0,0,0,0,0
May,0.00018823,0.01292474,0.03179315,0.003050237,0.048217116,0.329102342,0.404797469,0.298202298,0.217621731,0.07964779,0.01893923,0.8439185,0.4685323,0.03170458,0.3239949,0.003791899,0.1871812,0,0,0,0,0
June,0.00018823,0.01292474,0.03179315,0.003050237,0.048217116,0.329102342,0.404797469,0.298202298,0.217621731,0.07964779,0.01893923,0.8439185,0.4685323,0.03170458,0.3239949,0.003791899,0.1871812,0,0,0,0,0
July,0.00018823,0.01292474,0.03179315,0.003050237,0.048217116,0.329102342,0.404797469,0.298202298,0.217621731,0.07964779,0.01893923,0.8439185,0.4685323,0.03170458,0.3239949,0.003791899,0.1871812,0,0,0,0,0
August,0.00018823,0.01292474,0.03179315,0.003050237,0.048217116,0.329102342,0.404797469,0.298202298,0.217621731,0.07964779,0.01893923,0.8439185,0.4685323,0.03170458,0.3239949,0.003791899,0.1871812,0,0,0,0,0
September,0.00018823,0.01292474,0.03179315,0.003050237,0.048217116,0.329102342,0.404797469,0.298202298,0.217621731,0.07964779,0.01893923,0.8439185,0.4685323,0.03170458,0.3239949,0.003791899,0.1871812,0,0,0,0,0
October,0.00018823,0.01292474,0.03179315,0.003050237,0.048217116,0.329102342,0.404797469,0.298202298,0.217621731,0.07964779,0.01893923,0.8439185,0.4685323,0.03170458,0.3239949,0.003791899,0.1871812,0,0,0,0,0
November,0.00018823,0.01292474,0.03179315,0.003050237,0.048217116,0.329102342,0.404797469,0.298202298,0.217621731,0.07964779,0.01893923,0.8439185,0.4685323,0.03170458,0.3239949,0.003791899,0.1871812,0,0,0,0,0
December,0.00018823,0.01292474,0.03179315,0.003050237,0.048217116,0.329102342,0.404797469,0.298202298,0.217621731,0.07964779,0.01893923,0.8439185,0.4685323,0.03170458,0.3239949,0.003791899,0.1871812,0,0,0,0,0
1992,0.00018823,0.01347257,0.04084716,0.001750645,0.028072798,0.211890224,0.303336258,0.240907573,0.177670275,0.062215869,0.01893923,0.6121774,0.4503914,0.01636514,0.3056806,0.000836592,0.1924376,0,0,0,0,0
February,0.00018823,0.01347257,0.04084716,0.001750645,0.028072798,0.211890224,0.303336258,0.240907573,0.177670275,0.062215869,0.01893923,0.6121774,0.4503914,0.01636514,0.3056806,0.000836592,0.1924376,0,0,0,0,0
March,0.00018823,0.01347257,0.04084716,0.001750645,0.028072798,0.211890224,0.303336258,0.240907573,0.177670275,0.062215869,0.01893923,0.6121774,0.4503914,0.01636514,0.3056806,0.000836592,0.1924376,0,0,0,0,0
April,0.00018823,0.01347257,0.04084716,0.001750645,0.028072798,0.211890224,0.303336258,0.240907573,0.177670275,0.062215869,0.01893923,0.6121774,0.4503914,0.01636514,0.3056806,0.000836592,0.1924376,0,0,0,0,0
May,0.00018823,0.01347257,0.04084716,0.001750645,0.028072798,0.211890224,0.303336258,0.240907573,0.177670275,0.062215869,0.01893923,0.6121774,0.4503914,0.01636514,0.3056806,0.000836592,0.1924376,0,0,0,0,0
June,0.00018823,0.01347257,0.04084716,0.001750645,0.028072798,0.211890224,0.303336258,0.240907573,0.177670275,0.062215869,0.01893923,0.6121774,0.4503914,0.01636514,0.3056806,0.000836592,0.1924376,0,0,0,0,0
July,0.00018823,0.01347257,0.04084716,0.001750645,0.028072798,0.211890224,0.303336258,0.240907573,0.177670275,0.062215869,0.01893923,0.6121774,0.4503914,0.01636514,0.3056806,0.000836592,0.1924376,0,0,0,0,0
August,0.00018823,0.01347257,0.04084716,0.001750645,0.028072798,0.211890224,0.303336258,0.240907573,0.177670275,0.062215869,0.01893923,0.6121774,0.4503914,0.01636514,0.3056806,0.000836592,0.1924376,0,0,0,0,0
September,0.00018823,0.01347257,0.04084716,0.001750645,0.028072798,0.211890224,0.303336258,0.240907573,0.177670275,0.062215869,0.01893923,0.6121774,0.4503914,0.01636514,0.3056806,0.000836592,0.1924376,0,0,0,0,0
October,0.00018823,0.01347257,0.04084716,0.001750645,0.028072798,0.211890224,0.303336258,0.240907573,0.177670275,0.062215869,0.01893923,0.6121774,0.4503914,0.01636514,0.3056806,0.000836592,0.1924376,0,0,0,0,0
November,0.00018823,0.01347257,0.04084716,0.001750645,0.028072798,0.211890224,0.303336258,0.240907573,0.177670275,0.062215869,0.01893923,0.6121774,0.4503914,0.01636514,0.3056806,0.000836592,0.1924376,0,0,0,0,0
December,0.00018823,0.01347257,0.04084716,0.001750645,0.028072798,0.211890224,0.303336258,0.240907573,0.177670275,0.062215869,0.01893923,0.6121774,0.4503914,0.01636514,0.3056806,0.000836592,0.1924376,0,0,0,0,0
1993,0.00018823,0.02629584,0.05770249,0.001940259,0.030421903,0.187692666,0.212553133,0.14672045,0.094970014,0.033969988,0.01893923,0.3791379,0.4382525,0.006648863,0.1341434,0.002545365,0.1733349,0,0,0,0,0
February,0.00018823,0.02629584,0.05770249,0.001940259,0.030421903,0.187692666,0.212553133,0.14672045,0.094970014,0.033969988,0.01893923,0.3791379,0.4382525,0.006648863,0.1341434,0.002545365,0.1733349,0,0,0,0,0
March,0.00018823,0.02629584,0.05770249,0.001940259,0.030421903,0.187692666,0.212553133,0.14672045,0.094970014,0.033969988,0.01893923,0.3791379,0.4382525,0.006648863,0.1341434,0.002545365,0.1733349,0,0,0,0,0
April,0.00018823,0.02629584,0.05770249,0.001940259,0.030421903,0.187692666,0.212553133,0.14672045,0.094970014,0.033969988,0.01893923,0.3791379,0.4382525,0.006648863,0.1341434,0.002545365,0.1733349,0,0,0,0,0
May,0.00018823,0.02629584,0.05770249,0.001940259,0.030421903,0.187692666,0.212553133,0.14672045,0.094970014,0.033969988,0.01893923,0.3791379,0.4382525,0.006648863,0.1341434,0.002545365,0.1733349,0,0,0,0,0
June,0.00018823,0.02629584,0.05770249,0.001940259,0.030421903,0.187692666,0.212553133,0.14672045,0.094970014,0.033969988,0.01893923,0.3791379,0.4382525,0.006648863,0.1341434,0.002545365,0.1733349,0,0,0,0,0
July,0.00018823,0.02629584,0.05770249,0.001940259,0.030421903,0.187692666,0.212553133,0.14672045,0.094970014,0.033969988,0.01893923,0.3791379,0.4382525,0.006648863,0.1341434,0.002545365,0.1733349,0,0,0,0,0
August,0.00018823,0.02629584,0.05770249,0.001940259,0.030421903,0.187692666,0.212553133,0.14672045,0.094970014,0.033969988,0.01893923,0.3791379,0.4382525,0.006648863,0.1341434,0.002545365,0.1733349,0,0,0,0,0
September,0.00018823,0.02629584,0.05770249,0.001940259,0.030421903,0.187692666,0.212553133,0.14672045,0.094970014,0.033969988,0.01893923,0.3791379,0.4382525,0.006648863,0.1341434,0.002545365,0.1733349,0,0,0,0,0
October,0.00018823,0.02629584,0.05770249,0.001940259,0.030421903,0.187692666,0.212553133,0.14672045,0.094970014,0.033969988,0.01893923,0.3791379,0.4382525,0.006648863,0.1341434,0.002545365,0.1733349,0,0,0,0,0
November,0.00018823,0.02629584,0.05770249,0.001940259,0.030421903,0.187692666,0.212553133,0.14672045,0.094970014,0.033969988,0.01893923,0.3791379,0.4382525,0.006648863,0.1341434,0.002545365,0.1733349,0,0,0,0,0
December,0.00018823,0.02629584,0.05770249,0.001940259,0.030421903,0.187692666,0.212553133,0.14672045,0.094970014,0.033969988,0.01893923,0.3791379,0.4382525,0.006648863,0.1341434,0.002545365,0.1733349,0,0,0,0,0
1994,0.00018823,0.03510695,0.08081331,0.001895403,0.029856041,0.173158529,0.184138122,0.120025464,0.059159041,0.012916612,0.01893923,0.3953485,0.4355033,0.01084804,0.1127268,0.002346333,0.1576365,0,0,0,0,0
February,0.00018823,0.03510695,0.08081331,0.001895403,0.029856041,0.173158529,0.184138122,0.120025464,0.059159041,0.012916612,0.01893923,0.3953485,0.4355033,0.01084804,0.1127268,0.002346333,0.1576365,0,0,0,0,0
March,0.00018823,0.03510695,0.08081331,0.001895403,0.029856041,0.173158529,0.184138122,0.120025464,0.059159041,0.012916612,0.01893923,0.3953485,0.4355033,0.01084804,0.1127268,0.002346333,0.1576365,0,0,0,0,0
April,0.00018823,0.03510695,0.08081331,0.001895403,0.029856041,0.173158529,0.184138122,0.120025464,0.059159041,0.012916612,0.01893923,0.3953485,0.4355033,0.01084804,0.1127268,0.002346333,0.1576365,0,0,0,0,0
May,0.00018823,0.03510695,0.08081331,0.001895403,0.029856041,0.173158529,0.184138122,0.120025464,0.059159041,0.012916612,0.01893923,0.3953485,0.4355033,0.01084804,0.1127268,0.002346333,0.1576365,0,0,0,0,0
June,0.00018823,0.03510695,0.08081331,0.001895403,0.029856041,0.173158529,0.184138122,0.120025464,0.059159041,0.012916612,0.01893923,0.3953485,0.4355033,0.01084804,0.1127268,0.002346333,0.1576365,0,0,0,0,0
July,0.00018823,0.03510695,0.08081331,0.001895403,0.029856041,0.173158529,0.184138122,0.120025464,0.059159041,0.012916612,0.01893923,0.3953485,0.4355033,0.01084804,0.1127268,0.002346333,0.1576365,0,0,0,0,0
August,0.00018823,0.03510695,0.08081331,0.001895403,0.029856041,0.173158529,0.184138122,0.120025464,0.059159041,0.012916612,0.01893923,0.3953485,0.4355033,0.01084804,0.1127268,0.002346333,0.1576365,0,0,0,0,0
September,0.00018823,0.03510695,0.08081331,0.001895403,0.029856041,0.173158529,0.184138122,0.120025464,0.059159041,0.012916612,0.01893923,0.3953485,0.4355033,0.01084804,0.1127268,0.002346333,0.1576365,0,0,0,0,0
October,0.00018823,0.03510695,0.08081331,0.001895403,0.029856041,0.173158529,0.184138122,0.120025464,0.059159041,0.012916612,0.01893923,0.3953485,0.4355033,0.01084804,0.1127268,0.002346333,0.1576365,0,0,0,0,0
November,0.00018823,0.03510695,0.08081331,0.001895403,0.029856041,0.173158529,0.184138122,0.120025464,0.059159041,0.012916612,0.01893923,0.3953485,0.4355033,0.01084804,0.1127268,0.002346333,0.1576365,0,0,0,0,0
December,0.00018823,0.03510695,0.08081331,0.001895403,0.029856041,0.173158529,0.184138122,0.120025464,0.059159041,0.012916612,0.01893923,0.3953485,0.4355033,0.01084804,0.1127268,0.002346333,0.1576365,0,0,0,0,0
1995,0.00018823,0.03994861,0.1034025,0.002173212,0.034709343,0.224508552,0.280264208,0.206204047,0.110123475,0.01492912,0.01893923,0.2263803,0.328009,0.00976695,0.1016585,0.02012837,0.248686,0,0,0,0,0
February,0.00018823,0.03994861,0.1034025,0.002173212,0.034709343,0.224508552,0.280264208,0.206204047,0.110123475,0.01492912,0.01893923,0.2263803,0.328009,0.00976695,0.1016585,0.02012837,0.248686,0,0,0,0,0
March,0.00018823,0.03994861,0.1034025,0.002173212,0.034709343,0.224508552,0.280264208,0.206204047,0.110123475,0.01492912,0.01893923,0.2263803,0.328009,0.00976695,0.1016585,0.02012837,0.248686,0,0,0,0,0
April,0.00018823,0.03994861,0.1034025,0.002173212,0.034709343,0.224508552,0.280264208,0.206204047,0.110123475,0.01492912,0.01893923,0.2263803,0.328009,0.00976695,0.1016585,0.02012837,0.248686,0,0,0,0,0
May,0.00018823,0.03994861,0.1034025,0.002173212,0.034709343,0.224508552,0.280264208,0.206204047,0.110123475,0.01492912,0.01893923,0.2263803,0.328009,0.00976695,0.1016585,0.02012837,0.248686,0,0,0,0,0
June,0.00018823,0.03994861,0.1034025,0.002173212,0.034709343,0.224508552,0.280264208,0.206204047,0.110123475,0.01492912,0.01893923,0.2263803,0.328009,0.00976695,0.1016585,0.02012837,0.248686,0,0,0,0,0
July,0.00018823,0.03994861,0.1034025,0.002173212,0.034709343,0.224508552,0.280264208,0.206204047,0.110123475,0.01492912,0.01893923,0.2263803,0.328009,0.00976695,0.1016585,0.02012837,0.248686,0,0,0,0,0
August,0.00018823,0.03994861,0.1034025,0.002173212,0.034709343,0.224508552,0.280264208,0.206204047,0.110123475,0.01492912,0.01893923,0.2263803,0.328009,0.00976695,0.1016585,0.02012837,0.248686,0,0,0,0,0
September,0.00018823,0.03994861,0.1034025,0.002173212,0.034709343,0.224508552,0.280264208,0.206204047,0.110123475,0.01492912,0.01893923,0.2263803,0.328009,0.00976695,0.1016585,0.02012837,0.248686,0,0,0,0,0
October,0.00018823,0.03994861,0.1034025,0.002173212,0.034709343,0.224508552,0.280264208,0.206204047,0.110123475,0.01492912,0.01893923,0.2263803,0.328009,0.00976695,0.1016585,0.02012837,0.248686,0,0,0,0,0
November,0.00018823,0.03994861,0.1034025,0.002173212,0.034709343,0.224508552,0.280264208,0.206204047,0.110123475,0.01492912,0.01893923,0.2263803,0.328009,0.00976695,0.1016585,0.02012837,0.248686,0,0,0,0,0
December,0.00018823,0.03994861,0.1034025,0.002173212,0.034709343,0.224508552,0.280264208,0.206204047,0.110123475,0.01492912,0.01893923,0.2263803,0.328009,0.00976695,0.1016585,0.02012837,0.248686,0,0,0,0,0
1996,0.00018823,0.03949698,0.07879242,0.001864101,0.029627364,0.182677536,0.212715742,0.149570142,0.077903243,0.012802608,0.01893923,0.4042769,0.3540276,0.02762281,0.1680804,0.005855177,0.2205091,0,0,0,0,0
February,0.00018823,0.03949698,0.07879242,0.001864101,0.029627364,0.182677536,0.212715742,0.149570142,0.077903243,0.012802608,0.01893923,0.4042769,0.3540276,0.02762281,0.1680804,0.005855177,0.2205091,0,0,0,0,0
March,0.00018823,0.03949698,0.07879242,0.001864101,0.029627364,0.182677536,0.212715742,0.149570142,0.077903243,0.012802608,0.01893923,0.4042769,0.3540276,0.02762281,0.1680804,0.005855177,0.2205091,0,0,0,0,0
April,0.00018823,0.03949698,0.07879242,0.001864101,0.029627364,0.182677536,0.212715742,0.149570142,0.077903243,0.012802608,0.01893923,0.4042769,0.3540276,0.02762281,0.1680804,0.005855177,0.2205091,0,0,0,0,0
May,0.00018823,0.03949698,0.07879242,0.001864101,0.029627364,0.182677536,0.212715742,0.149570142,0.077903243,0.012802608,0.01893923,0.4042769,0.3540276,0.02762281,0.1680804,0.005855177,0.2205091,0,0,0,0,0
June,0.00018823,0.03949698,0.07879242,0.001864101,0.029627364,0.182677536,0.212715742,0.149570142,0.077903243,0.012802608,0.01893923,0.4042769,0.3540276,0.02762281,0.1680804,0.005855177,0.2205091,0,0,0,0,0
July,0.00018823,0.03949698,0.07879242,0.001864101,0.029627364,0.182677536,0.212715742,0.149570142,0.077903243,0.012802608,0.01893923,0.4042769,0.3540276,0.02762281,0.1680804,0.005855177,0.2205091,0,0,0,0,0
August,0.00018823,0.03949698,0.07879242,0.001864101,0.029627364,0.182677536,0.212715742,0.149570142,0.077903243,0.012802608,0.01893923,0.4042769,0.3540276,0.02762281,0.1680804,0.005855177,0.2205091,0,0,0,0,0
September,0.00018823,0.03949698,0.07879242,0.001864101,0.029627364,0.182677536,0.212715742,0.149570142,0.077903243,0.012802608,0.01893923,0.4042769,0.3540276,0.02762281,0.1680804,0.005855177,0.2205091,0,0,0,0,0
October,0.00018823,0.03949698,0.07879242,0.001864101,0.029627364,0.182677536,0.212715742,0.149570142,0.077903243,0.012802608,0.01893923,0.4042769,0.3540276,0.02762281,0.1680804,0.005855177,0.2205091,0,0,0,0,0
November,0.00018823,0.03949698,0.07879242,0.001864101,0.029627364,0.182677536,0.212715742,0.149570142,0.077903243,0.012802608,0.01893923,0.4042769,0.3540276,0.02762281,0.1680804,0.005855177,0.2205091,0,0,0,0,0
December,0.00018823,0.03949698,0.07879242,0.001864101,0.029627364,0.182677536,0.212715742,0.149570142,0.077903243,0.012802608,0.01893923,0.4042769,0.3540276,0.02762281,0.1680804,0.005855177,0.2205091,0,0,0,0,0
1997,0.00018823,0.05271429,0.1038311,0.002574938,0.040734302,0.231842949,0.228236385,0.139947316,0.06719272,0.017726886,0.01893923,0.3988457,0.4262896,0.05969375,0.2300168,0.02097537,0.2272151,0,0,0,0,0
February,0.00018823,0.05271429,0.1038311,0.002574938,0.040734302,0.231842949,0.228236385,0.139947316,0.06719272,0.017726886,0.01893923,0.3988457,0.4262896,0.05969375,0.2300168,0.02097537,0.2272151,0,0,0,0,0
March,0.00018823,0.05271429,0.1038311,0.002574938,0.040734302,0.231842949,0.228236385,0.139947316,0.06719272,0.017726886,0.01893923,0.3988457,0.4262896,0.05969375,0.2300168,0.02097537,0.2272151,0,0,0,0,0
April,0.00018823,0.05271429,0.1038311,0.002574938,0.040734302,0.231842949,0.228236385,0.139947316,0.06719272,0.017726886,0.01893923,0.3988457,0.4262896,0.05969375,0.2300168,0.02097537,0.2272151,0,0,0,0,0
May,0.00018823,0.05271429,0.1038311,0.002574938,0.040734302,0.231842949,0.228236385,0.139947316,0.06719272,0.017726886,0.01893923,0.3988457,0.4262896,0.05969375,0.2300168,0.02097537,0.2272151,0,0,0,0,0
June,0.00018823,0.05271429,0.1038311,0.002574938,0.040734302,0.231842949,0.228236385,0.139947316,0.06719272,0.017726886,0.01893923,0.3988457,0.4262896,0.05969375,0.2300168,0.02097537,0.2272151,0,0,0,0,0
July,0.00018823,0.05271429,0.1038311,0.002574938,0.040734302,0.231842949,0.228236385,0.139947316,0.06719272,0.017726886,0.01893923,0.3988457,0.4262896,0.05969375,0.2300168,0.02097537,0.2272151,0,0,0,0,0
August,0.00018823,0.05271429,0.1038311,0.002574938,0.040734302,0.231842949,0.228236385,0.139947316,0.06719272,0.017726886,0.01893923,0.3988457,0.4262896,0.05969375,0.2300168,0.02097537,0.2272151,0,0,0,0,0
September,0.00018823,0.05271429,0.1038311,0.002574938,0.040734302,0.231842949,0.228236385,0.139947316,0.06719272,0.017726886,0.01893923,0.3988457,0.4262896,0.05969375,0.2300168,0.02097537,0.2272151,0,0,0,0,0
October,0.00018823,0.05271429,0.1038311,0.002574938,0.040734302,0.231842949,0.228236385,0.139947316,0.06719272,0.017726886,0.01893923,0.3988457,0.4262896,0.05969375,0.2300168,0.02097537,0.2272151,0,0,0,0,0
November,0.00018823,0.05271429,0.1038311,0.002574938,0.040734302,0.231842949,0.228236385,0.139947316,0.06719272,0.017726886,0.01893923,0.3988457,0.4262896,0.05969375,0.2300168,0.02097537,0.2272151,0,0,0,0,0
December,0.00018823,0.05271429,0.1038311,0.002574938,0.040734302,0.231842949,0.228236385,0.139947316,0.06719272,0.017726886,0.01893923,0.3988457,0.4262896,0.05969375,0.2300168,0.02097537,0.2272151,0,0,0,0,0
1998,0.00018823,0.05298124,0.1827416,0.003264684,0.051770031,0.291261962,0.274828832,0.16134237,0.07490916,0.022717742,0.01893923,0.2023691,0.3602186,0.02838778,0.2933052,0.000604607,0.2206548,0,0,0,0,0
February,0.00018823,0.05298124,0.1827416,0.003264684,0.051770031,0.291261962,0.274828832,0.16134237,0.07490916,0.022717742,0.01893923,0.2023691,0.3602186,0.02838778,0.2933052,0.000604607,0.2206548,0,0,0,0,0
March,0.00018823,0.05298124,0.1827416,0.003264684,0.051770031,0.291261962,0.274828832,0.16134237,0.07490916,0.022717742,0.01893923,0.2023691,0.3602186,0.02838778,0.2933052,0.000604607,0.2206548,0,0,0,0,0
April,0.00018823,0.05298124,0.1827416,0.003264684,0.051770031,0.291261962,0.274828832,0.16134237,0.07490916,0.022717742,0.01893923,0.2023691,0.3602186,0.02838778,0.2933052,0.000604607,0.2206548,0,0,0,0,0
May,0.00018823,0.05298124,0.1827416,0.003264684,0.051770031,0.291261962,0.274828832,0.16134237,0.07490916,0.022717742,0.01893923,0.2023691,0.3602186,0.02838778,0.2933052,0.000604607,0.2206548,0,0,0,0,0
June,0.00018823,0.05298124,0.1827416,0.003264684,0.051770031,0.291261962,0.274828832,0.16134237,0.07490916,0.022717742,0.01893923,0.2023691,0.3602186,0.02838778,0.2933052,0.000604607,0.2206548,0,0,0,0,0
July,0.00018823,0.05298124,0.1827416,0.003264684,0.051770031,0.291261962,0.274828832,0.16134237,0.07490916,0.022717742,0.01893923,0.2023691,0.3602186,0.02838778,0.2933052,0.000604607,0.2206548,0,0,0,0,0
August,0.00018823,0.05298124,0.1827416,0.003264684,0.051770031,0.291261962,0.274828832,0.16134237,0.07490916,0.022717742,0.01893923,0.2023691,0.3602186,0.02838778,0.2933052,0.000604607,0.2206548,0,0,0,0,0
September,0.00018823,0.05298124,0.1827416,0.003264684,0.051770031,0.291261962,0.274828832,0.16134237,0.07490916,0.022717742,0.01893923,0.2023691,0.3602186,0.02838778,0.2933052,0.000604607,0.2206548,0,0,0,0,0
October,0.00018823,0.05298124,0.1827416,0.003264684,0.051770031,0.291261962,0.274828832,0.16134237,0.07490916,0.022717742,0.01893923,0.2023691,0.3602186,0.02838778,0.2933052,0.000604607,0.2206548,0,0,0,0,0
November,0.00018823,0.05298124,0.1827416,0.003264684,0.051770031,0.291261962,0.274828832,0.16134237,0.07490916,0.022717742,0.01893923,0.2023691,0.3602186,0.02838778,0.2933052,0.000604607,0.2206548,0,0,0,0,0
December,0.00018823,0.05298124,0.1827416,0.003264684,0.051770031,0.291261962,0.274828832,0.16134237,0.07490916,0.022717742,0.01893923,0.2023691,0.3602186,0.02838778,0.2933052,0.000604607,0.2206548,0,0,0,0,0
1999,0.00018823,0.06192694,0.2359768,0.002107632,0.034113326,0.198084707,0.20083993,0.125240094,0.058341178,0.015954031,0.01893923,0.3115952,0.268096,0.03244264,0.3868135,0.001387948,0.2346732,0,0,0,0,0
February,0.00018823,0.06192694,0.2359768,0.002107632,0.034113326,0.198084707,0.20083993,0.125240094,0.058341178,0.015954031,0.01893923,0.3115952,0.268096,0.03244264,0.3868135,0.001387948,0.2346732,0,0,0,0,0
March,0.00018823,0.06192694,0.2359768,0.002107632,0.034113326,0.198084707,0.20083993,0.125240094,0.058341178,0.015954031,0.01893923,0.3115952,0.268096,0.03244264,0.3868135,0.001387948,0.2346732,0,0,0,0,0
April,0.00018823,0.06192694,0.2359768,0.002107632,0.034113326,0.198084707,0.20083993,0.125240094,0.058341178,0.015954031,0.01893923,0.3115952,0.268096,0.03244264,0.3868135,0.001387948,0.2346732,0,0,0,0,0
May,0.00018823,0.06192694,0.2359768,0.002107632,0.034113326,0.198084707,0.20083993,0.125240094,0.058341178,0.015954031,0.01893923,0.3115952,0.268096,0.03244264,0.3868135,0.001387948,0.2346732,0,0,0,0,0
June,0.00018823,0.06192694,0.2359768,0.002107632,0.034113326,0.198084707,0.20083993,0.125240094,0.058341178,0.015954031,0.01893923,0.3115952,0.268096,0.03244264,0.3868135,0.001387948,0.2346732,0,0,0,0,0
July,0.00018823,0.06192694,0.2359768,0.002107632,0.034113326,0.198084707,0.20083993,0.125240094,0.058341178,0.015954031,0.01893923,0.3115952,0.268096,0.03244264,0.3868135,0.001387948,0.2346732,0,0,0,0,0
August,0.00018823,0.06192694,0.2359768,0.002107632,0.034113326,0.198084707,0.20083993,0.125240094,0.058341178,0.015954031,0.01893923,0.3115952,0.268096,0.03244264,0.3868135,0.001387948,0.2346732,0,0,0,0,0
September,0.00018823,0.06192694,0.2359768,0.002107632,0.034113326,0.198084707,0.20083993,0.125240094,0.058341178,0.015954031,0.01893923,0.3115952,0.268096,0.03244264,0.3868135,0.001387948,0.2346732,0,0,0,0,0
October,0.00018823,0.06192694,0.2359768,0.002107632,0.034113326,0.198084707,0.20083993,0.125240094,0.058341178,0.015954031,0.01893923,0.3115952,0.268096,0.03244264,0.3868135,0.001387948,0.2346732,0,0,0,0,0
November,0.00018823,0.06192694,0.2359768,0.002107632,0.034113326,0.198084707,0.20083993,0.125240094,0.058341178,0.015954031,0.01893923,0.3115952,0.268096,0.03244264,0.3868135,0.001387948,0.2346732,0,0,0,0,0
December,0.00018823,0.06192694,0.2359768,0.002107632,0.034113326,0.198084707,0.20083993,0.125240094,0.058341178,0.015954031,0.01893923,0.3115952,0.268096,0.03244264,0.3868135,0.001387948,0.2346732,0,0,0,0,0
2000,0.00018823,0.08235468,0.1984857,0.001160163,0.019108277,0.130476115,0.179176533,0.137612078,0.072159392,0.009116845,0.01893923,0.1740721,0.3215143,0.004042512,0.4673418,0.003593457,0.2030004,0,0,0,0,0
February,0.00018823,0.08235468,0.1984857,0.001160163,0.019108277,0.130476115,0.179176533,0.137612078,0.072159392,0.009116845,0.01893923,0.1740721,0.3215143,0.004042512,0.4673418,0.003593457,0.2030004,0,0,0,0,0
March,0.00018823,0.08235468,0.1984857,0.001160163,0.019108277,0.130476115,0.179176533,0.137612078,0.072159392,0.009116845,0.01893923,0.1740721,0.3215143,0.004042512,0.4673418,0.003593457,0.2030004,0,0,0,0,0
April,0.00018823,0.08235468,0.1984857,0.001160163,0.019108277,0.130476115,0.179176533,0.137612078,0.072159392,0.009116845,0.01893923,0.1740721,0.3215143,0.004042512,0.4673418,0.003593457,0.2030004,0,0,0,0,0
May,0.00018823,0.08235468,0.1984857,0.001160163,0.019108277,0.130476115,0.179176533,0.137612078,0.072159392,0.009116845,0.01893923,0.1740721,0.3215143,0.004042512,0.4673418,0.003593457,0.2030004,0,0,0,0,0
June,0.00018823,0.08235468,0.1984857,0.001160163,0.019108277,0.130476115,0.179176533,0.137612078,0.072159392,0.009116845,0.01893923,0.1740721,0.3215143,0.004042512,0.4673418,0.003593457,0.2030004,0,0,0,0,0
July,0.00018823,0.08235468,0.1984857,0.001160163,0.019108277,0.130476115,0.179176533,0.137612078,0.072159392,0.009116845,0.01893923,0.1740721,0.3215143,0.004042512,0.4673418,0.003593457,0.2030004,0,0,0,0,0
August,0.00018823,0.08235468,0.1984857,0.001160163,0.019108277,0.130476115,0.179176533,0.137612078,0.072159392,0.009116845,0.01893923,0.1740721,0.3215143,0.004042512,0.4673418,0.003593457,0.2030004,0,0,0,0,0
September,0.00018823,0.08235468,0.1984857,0.001160163,0.019108277,0.130476115,0.179176533,0.137612078,0.072159392,0.009116845,0.01893923,0.1740721,0.3215143,0.004042512,0.4673418,0.003593457,0.2030004,0,0,0,0,0
October,0.00018823,0.08235468,0.1984857,0.001160163,0.019108277,0.130476115,0.179176533,0.137612078,0.072159392,0.009116845,0.01893923,0.1740721,0.3215143,0.004042512,0.4673418,0.003593457,0.2030004,0,0,0,0,0
November,0.00018823,0.08235468,0.1984857,0.001160163,0.019108277,0.130476115,0.179176533,0.137612078,0.072159392,0.009116845,0.01893923,0.1740721,0.3215143,0.004042512,0.4673418,0.003593457,0.2030004,0,0,0,0,0
December,0.00018823,0.08235468,0.1984857,0.001160163,0.019108277,0.130476115,0.179176533,0.137612078,0.072159392,0.009116845,0.01893923,0.1740721,0.3215143,0.004042512,0.4673418,0.003593457,0.2030004,0,0,0,0,0
2001,0.00018823,0.0772429,0.2121276,0.00184743,0.029698649,0.179447763,0.194725261,0.130762716,0.066608455,0.013242411,0.01893923,0.2969859,0.378698,0.006022104,0.3196989,0.002718311,0.245634,0,0,0,0,0
February,0.00018823,0.0772429,0.2121276,0.00184743,0.029698649,0.179447763,0.194725261,0.130762716,0.066608455,0.013242411,0.01893923,0.2969859,0.378698,0.006022104,0.3196989,0.002718311,0.245634,0,0,0,0,0
March,0.00018823,0.0772429,0.2121276,0.00184743,0.029698649,0.179447763,0.194725261,0.130762716,0.066608455,0.013242411,0.01893923,0.2969859,0.378698,0.006022104,0.3196989,0.002718311,0.245634,0,0,0,0,0
April,0.00018823,0.0772429,0.2121276,0.00184743,0.029698649,0.179447763,0.194725261,0.130762716,0.066608455,0.013242411,0.01893923,0.2969859,0.378698,0.006022104,0.3196989,0.002718311,0.245634,0,0,0,0,0
May,0.00018823,0.0772429,0.2121276,0.00184743,0.029698649,0.179447763,0.194725261,0.130762716,0.066608455,0.013242411,0.01893923,0.2969859,0.378698,0.006022104,0.3196989,0.002718311,0.245634,0,0,0,0,0
June,0.00018823,0.0772429,0.2121276,0.00184743,0.029698649,0.179447763,0.194725261,0.130762716,0.066608455,0.013242411,0.01893923,0.2969859,0.378698,0.006022104,0.3196989,0.002718311,0.245634,0,0,0,0,0
July,0.00018823,0.0772429,0.2121276,0.00184743,0.029698649,0.179447763,0.194725261,0.130762716,0.066608455,0.013242411,0.01893923,0.2969859,0.378698,0.006022104,0.3196989,0.002718311,0.245634,0,0,0,0,0
August,0.00018823,0.0772429,0.2121276,0.00184743,0.029698649,0.179447763,0.194725261,0.130762716,0.066608455,0.013242411,0.01893923,0.2969859,0.378698,0.006022104,0.3196989,0.002718311,0.245634,0,0,0,0,0
September,0.00018823,0.0772429,0.2121276,0.00184743,0.029698649,0.179447763,0.194725261,0.130762716,0.066608455,0.013242411,0.01893923,0.2969859,0.378698,0.006022104,0.3196989,0.002718311,0.245634,0,0,0,0,0
October,0.00018823,0.0772429,0.2121276,0.00184743,0.029698649,0.179447763,0.194725261,0.130762716,0.066608455,0.013242411,0.01893923,0.2969859,0.378698,0.006022104,0.3196989,0.002718311,0.245634,0,0,0,0,0
November,0.00018823,0.0772429,0.2121276,0.00184743,0.029698649,0.179447763,0.194725261,0.130762716,0.066608455,0.013242411,0.01893923,0.2969859,0.378698,0.006022104,0.3196989,0.002718311,0.245634,0,0,0,0,0
December,0.00018823,0.0772429,0.2121276,0.00184743,0.029698649,0.179447763,0.194725261,0.130762716,0.066608455,0.013242411,0.01893923,0.2969859,0.378698,0.006022104,0.3196989,0.002718311,0.245634,0,0,0,0,0
2002,0.00018823,0.06312741,0.1968699,0.001621318,0.026522617,0.161491012,0.174135578,0.116157289,0.058031134,0.012422247,0.01893923,0.1518931,0.2413061,0.002178447,0.3862866,0.03316197,0.2208456,0,0,0,0,0
February,0.00018823,0.06312741,0.1968699,0.001621318,0.026522617,0.161491012,0.174135578,0.116157289,0.058031134,0.012422247,0.01893923,0.1518931,0.2413061,0.002178447,0.3862866,0.03316197,0.2208456,0,0,0,0,0
March,0.00018823,0.06312741,0.1968699,0.001621318,0.026522617,0.161491012,0.174135578,0.116157289,0.058031134,0.012422247,0.01893923,0.1518931,0.2413061,0.002178447,0.3862866,0.03316197,0.2208456,0,0,0,0,0
April,0.00018823,0.06312741,0.1968699,0.001621318,0.026522617,0.161491012,0.174135578,0.116157289,0.058031134,0.012422247,0.01893923,0.1518931,0.2413061,0.002178447,0.3862866,0.03316197,0.2208456,0,0,0,0,0
May,0.00018823,0.06312741,0.1968699,0.001621318,0.026522617,0.161491012,0.174135578,0.116157289,0.058031134,0.012422247,0.01893923,0.1518931,0.2413061,0.002178447,0.3862866,0.03316197,0.2208456,0,0,0,0,0
June,0.00018823,0.06312741,0.1968699,0.001621318,0.026522617,0.161491012,0.174135578,0.116157289,0.058031134,0.012422247,0.01893923,0.1518931,0.2413061,0.002178447,0.3862866,0.03316197,0.2208456,0,0,0,0,0
July,0.00018823,0.06312741,0.1968699,0.001621318,0.026522617,0.161491012,0.174135578,0.116157289,0.058031134,0.012422247,0.01893923,0.1518931,0.2413061,0.002178447,0.3862866,0.03316197,0.2208456,0,0,0,0,0
August,0.00018823,0.06312741,0.1968699,0.001621318,0.026522617,0.161491012,0.174135578,0.116157289,0.058031134,0.012422247,0.01893923,0.1518931,0.2413061,0.002178447,0.3862866,0.03316197,0.2208456,0,0,0,0,0
September,0.00018823,0.06312741,0.1968699,0.001621318,0.026522617,0.161491012,0.174135578,0.116157289,0.058031134,0.012422247,0.01893923,0.1518931,0.2413061,0.002178447,0.3862866,0.03316197,0.2208456,0,0,0,0,0
October,0.00018823,0.06312741,0.1968699,0.001621318,0.026522617,0.161491012,0.174135578,0.116157289,0.058031134,0.012422247,0.01893923,0.1518931,0.2413061,0.002178447,0.3862866,0.03316197,0.2208456,0,0,0,0,0
November,0.00018823,0.06312741,0.1968699,0.001621318,0.026522617,0.161491012,0.174135578,0.116157289,0.058031134,0.012422247,0.01893923,0.1518931,0.2413061,0.002178447,0.3862866,0.03316197,0.2208456,0,0,0,0,0
December,0.00018823,0.06312741,0.1968699,0.001621318,0.026522617,0.161491012,0.174135578,0.116157289,0.058031134,0.012422247,0.01893923,0.1518931,0.2413061,0.002178447,0.3862866,0.03316197,0.2208456,0,0,0,0,0
2003,0.00018823,0.07321984,0.2166509,0.001776728,0.0287851,0.163568445,0.15278468,0.089600117,0.041164199,0.013372584,0.01893923,0.1085899,0.2863042,0.001314453,0.2611557,0.009029814,0.2544549,0,0,0,0,0
February,0.00018823,0.07321984,0.2166509,0.001776728,0.0287851,0.163568445,0.15278468,0.089600117,0.041164199,0.013372584,0.01893923,0.1085899,0.2863042,0.001314453,0.2611557,0.009029814,0.2544549,0,0,0,0,0
March,0.00018823,0.07321984,0.2166509,0.001776728,0.0287851,0.163568445,0.15278468,0.089600117,0.041164199,0.013372584,0.01893923,0.1085899,0.2863042,0.001314453,0.2611557,0.009029814,0.2544549,0,0,0,0,0
April,0.00018823,0.07321984,0.2166509,0.001776728,0.0287851,0.163568445,0.15278468,0.089600117,0.041164199,0.013372584,0.01893923,0.1085899,0.2863042,0.001314453,0.2611557,0.009029814,0.2544549,0,0,0,0,0
May,0.00018823,0.07321984,0.2166509,0.001776728,0.0287851,0.163568445,0.15278468,0.089600117,0.041164199,0.013372584,0.01893923,0.1085899,0.2863042,0.001314453,0.2611557,0.009029814,0.2544549,0,0,0,0,0
June,0.00018823,0.07321984,0.2166509,0.001776728,0.0287851,0.163568445,0.15278468,0.089600117,0.041164199,0.013372584,0.01893923,0.1085899,0.2863042,0.001314453,0.2611557,0.009029814,0.2544549,0,0,0,0,0
July,0.00018823,0.07321984,0.2166509,0.001776728,0.0287851,0.163568445,0.15278468,0.089600117,0.041164199,0.013372584,0.01893923,0.1085899,0.2863042,0.001314453,0.2611557,0.009029814,0.2544549,0,0,0,0,0
August,0.00018823,0.07321984,0.2166509,0.001776728,0.0287851,0.163568445,0.15278468,0.089600117,0.041164199,0.013372584,0.01893923,0.1085899,0.2863042,0.001314453,0.2611557,0.009029814,0.2544549,0,0,0,0,0
September,0.00018823,0.07321984,0.2166509,0.001776728,0.0287851,0.163568445,0.15278468,0.089600117,0.041164199,0.013372584,0.01893923,0.1085899,0.2863042,0.001314453,0.2611557,0.009029814,0.2544549,0,0,0,0,0
October,0.00018823,0.07321984,0.2166509,0.001776728,0.0287851,0.163568445,0.15278468,0.089600117,0.041164199,0.013372584,0.01893923,0.1085899,0.2863042,0.001314453,0.2611557,0.009029814,0.2544549,0,0,0,0,0
November,0.00018823,0.07321984,0.2166509,0.001776728,0.0287851,0.163568445,0.15278468,0.089600117,0.041164199,0.013372584,0.01893923,0.1085899,0.2863042,0.001314453,0.2611557,0.009029814,0.2544549,0,0,0,0,0
December,0.00018823,0.07321984,0.2166509,0.001776728,0.0287851,0.163568445,0.15278468,0.089600117,0.041164199,0.013372584,0.01893923,0.1085899,0.2863042,0.001314453,0.2611557,0.009029814,0.2544549,0,0,0,0,0
2004,0.00018823,0.08523287,0.2019347,0.001770819,0.02890285,0.176314187,0.192219725,0.128941832,0.064433441,0.013482974,0.01893923,0.2115469,0.3165513,0.0055428,0.1350662,0.01315784,0.2664765,0,0,0,0,0
February,0.00018823,0.08523287,0.2019347,0.001770819,0.02890285,0.176314187,0.192219725,0.128941832,0.064433441,0.013482974,0.01893923,0.2115469,0.3165513,0.0055428,0.1350662,0.01315784,0.2664765,0,0,0,0,0
March,0.00018823,0.08523287,0.2019347,0.001770819,0.02890285,0.176314187,0.192219725,0.128941832,0.064433441,0.013482974,0.01893923,0.2115469,0.3165513,0.0055428,0.1350662,0.01315784,0.2664765,0,0,0,0,0
April,0.00018823,0.08523287,0.2019347,0.001770819,0.02890285,0.176314187,0.192219725,0.128941832,0.064433441,0.013482974,0.01893923,0.2115469,0.3165513,0.0055428,0.1350662,0.01315784,0.2664765,0,0,0,0,0
May,0.00018823,0.08523287,0.2019347,0.001770819,0.02890285,0.176314187,0.192219725,0.128941832,0.064433441,0.013482974,0.01893923,0.2115469,0.3165513,0.0055428,0.1350662,0.01315784,0.2664765,0,0,0,0,0
June,0.00018823,0.08523287,0.2019347,0.001770819,0.02890285,0.176314187,0.192219725,0.128941832,0.064433441,0.013482974,0.01893923,0.2115469,0.3165513,0.0055428,0.1350662,0.01315784,0.2664765,0,0,0,0,0
July,0.00018823,0.08523287,0.2019347,0.001770819,0.02890285,0.176314187,0.192219725,0.128941832,0.064433441,0.013482974,0.01893923,0.2115469,0.3165513,0.0055428,0.1350662,0.01315784,0.2664765,0,0,0,0,0
August,0.00018823,0.08523287,0.2019347,0.001770819,0.02890285,0.176314187,0.192219725,0.128941832,0.064433441,0.013482974,0.01893923,0.2115469,0.3165513,0.0055428,0.1350662,0.01315784,0.2664765,0,0,0,0,0
September,0.00018823,0.08523287,0.2019347,0.001770819,0.02890285,0.176314187,0.192219725,0.128941832,0.064433441,0.013482974,0.01893923,0.2115469,0.3165513,0.0055428,0.1350662,0.01315784,0.2664765,0,0,0,0,0
October,0.00018823,0.08523287,0.2019347,0.001770819,0.02890285,0.176314187,0.192219725,0.128941832,0.064433441,0.013482974,0.01893923,0.2115469,0.3165513,0.0055428,0.1350662,0.01315784,0.2664765,0,0,0,0,0
November,0.00018823,0.08523287,0.2019347,0.001770819,0.02890285,0.176314187,0.192219725,0.128941832,0.064433441,0.013482974,0.01893923,0.2115469,0.3165513,0.0055428,0.1350662,0.01315784,0.2664765,0,0,0,0,0
December,0.00018823,0.08523287,0.2019347,0.001770819,0.02890285,0.176314187,0.192219725,0.128941832,0.064433441,0.013482974,0.01893923,0.2115469,0.3165513,0.0055428,0.1350662,0.01315784,0.2664765,0,0,0,0,0
2005,0.00018823,0.08212727,0.2169061,0.000494813,0.028677785,0.199641714,0.186568863,0.131432652,0.071538582,0.025026963,0.01893923,0.271277,0.2790761,0.002201558,0.1709187,0.00297347,0.2676202,0,0,0,0,0
February,0.00018823,0.08212727,0.2169061,0.000494813,0.028677785,0.199641714,0.186568863,0.131432652,0.071538582,0.025026963,0.01893923,0.271277,0.2790761,0.002201558,0.1709187,0.00297347,0.2676202,0,0,0,0,0
March,0.00018823,0.08212727,0.2169061,0.000494813,0.028677785,0.199641714,0.186568863,0.131432652,0.071538582,0.025026963,0.01893923,0.271277,0.2790761,0.002201558,0.1709187,0.00297347,0.2676202,0,0,0,0,0
April,0.00018823,0.08212727,0.2169061,0.000494813,0.028677785,0.199641714,0.186568863,0.131432652,0.071538582,0.025026963,0.01893923,0.271277,0.2790761,0.002201558,0.1709187,0.00297347,0.2676202,0,0,0,0,0
May,0.00018823,0.08212727,0.2169061,0.000494813,0.028677785,0.199641714,0.186568863,0.131432652,0.071538582,0.025026963,0.01893923,0.271277,0.2790761,0.002201558,0.1709187,0.00297347,0.2676202,0,0,0,0,0
June,0.00018823,0.08212727,0.2169061,0.000494813,0.028677785,0.199641714,0.186568863,0.131432652,0.071538582,0.025026963,0.01893923,0.271277,0.2790761,0.002201558,0.1709187,0.00297347,0.2676202,0,0,0,0,0
July,0.00018823,0.08212727,0.2169061,0.000494813,0.028677785,0.199641714,0.186568863,0.131432652,0.071538582,0.025026963,0.01893923,0.271277,0.2790761,0.002201558,0.1709187,0.00297347,0.2676202,0,0,0,0,0
August,0.00018823,0.08212727,0.2169061,0.000494813,0.028677785,0.199641714,0.186568863,0.131432652,0.071538582,0.025026963,0.01893923,0.271277,0.2790761,0.002201558,0.1709187,0.00297347,0.2676202,0,0,0,0,0
September,0.00018823,0.08212727,0.2169061,0.000494813,0.028677785,0.199641714,0.186568863,0.131432652,0.071538582,0.025026963,0.01893923,0.271277,0.2790761,0.002201558,0.1709187,0.00297347,0.2676202,0,0,0,0,0
October,0.00018823,0.08212727,0.2169061,0.000494813,0.028677785,0.199641714,0.186568863,0.131432652,0.071538582,0.025026963,0.01893923,0.271277,0.2790761,0.002201558,0.1709187,0.00297347,0.2676202,0,0,0,0,0
November,0.00018823,0.08212727,0.2169061,0.000494813,0.028677785,0.199641714,0.186568863,0.131432652,0.071538582,0.025026963,0.01893923,0.271277,0.2790761,0.002201558,0.1709187,0.00297347,0.2676202,0,0,0,0,0
December,0.00018823,0.08212727,0.2169061,0.000494813,0.028677785,0.199641714,0.186568863,0.131432652,0.071538582,0.025026963,0.01893923,0.271277,0.2790761,0.002201558,0.1709187,0.00297347,0.2676202,0,0,0,0,0
2006,0.00018823,0.09098608,0.2353027,0.000356987,0.02065867,0.174331802,0.237075712,0.199148736,0.114435516,0.017607006,0.01893923,0.2837068,0.297488,0.002082726,0.2273953,0.1325165,0.3051332,0,0,0,0,0
February,0.00018823,0.09098608,0.2353027,0.000356987,0.02065867,0.174331802,0.237075712,0.199148736,0.114435516,0.017607006,0.01893923,0.2837068,0.297488,0.002082726,0.2273953,0.1325165,0.3051332,0,0,0,0,0
March,0.00018823,0.09098608,0.2353027,0.000356987,0.02065867,0.174331802,0.237075712,0.199148736,0.114435516,0.017607006,0.01893923,0.2837068,0.297488,0.002082726,0.2273953,0.1325165,0.3051332,0,0,0,0,0
April,0.00018823,0.09098608,0.2353027,0.000356987,0.02065867,0.174331802,0.237075712,0.199148736,0.114435516,0.017607006,0.01893923,0.2837068,0.297488,0.002082726,0.2273953,0.1325165,0.3051332,0,0,0,0,0
May,0.00018823,0.09098608,0.2353027,0.000356987,0.02065867,0.174331802,0.237075712,0.199148736,0.114435516,0.017607006,0.01893923,0.2837068,0.297488,0.002082726,0.2273953,0.1325165,0.3051332,0,0,0,0,0
June,0.00018823,0.09098608,0.2353027,0.000356987,0.02065867,0.174331802,0.237075712,0.199148736,0.114435516,0.017607006,0.01893923,0.2837068,0.297488,0.002082726,0.2273953,0.1325165,0.3051332,0,0,0,0,0
July,0.00018823,0.09098608,0.2353027,0.000356987,0.02065867,0.174331802,0.237075712,0.199148736,0.114435516,0.017607006,0.01893923,0.2837068,0.297488,0.002082726,0.2273953,0.1325165,0.3051332,0,0,0,0,0
August,0.00018823,0.09098608,0.2353027,0.000356987,0.02065867,0.174331802,0.237075712,0.199148736,0.114435516,0.017607006,0.01893923,0.2837068,0.297488,0.002082726,0.2273953,0.1325165,0.3051332,0,0,0,0,0
September,0.00018823,0.09098608,0.2353027,0.000356987,0.02065867,0.174331802,0.237075712,0.199148736,0.114435516,0.017607006,0.01893923,0.2837068,0.297488,0.002082726,0.2273953,0.1325165,0.3051332,0,0,0,0,0
October,0.00018823,0.09098608,0.2353027,0.000356987,0.02065867,0.174331802,0.237075712,0.199148736,0.114435516,0.017607006,0.01893923,0.2837068,0.297488,0.002082726,0.2273953,0.1325165,0.3051332,0,0,0,0,0
November,0.00018823,0.09098608,0.2353027,0.000356987,0.02065867,0.174331802,0.237075712,0.199148736,0.114435516,0.017607006,0.01893923,0.2837068,0.297488,0.002082726,0.2273953,0.1325165,0.3051332,0,0,0,0,0
December,0.00018823,0.09098608,0.2353027,0.000356987,0.02065867,0.174331802,0.237075712,0.199148736,0.114435516,0.017607006,0.01893923,0.2837068,0.297488,0.002082726,0.2273953,0.1325165,0.3051332,0,0,0,0,0
2007,0.00018823,0.09784313,0.260464,0.000345386,0.01989859,0.15394879,0.200004244,0.161360761,0.086870316,0.017681799,0.01893923,0.2136858,0.3217904,0.002508703,0.2822385,0.02065576,0.3163479,0,0,0,0,0
February,0.00018823,0.09784313,0.260464,0.000345386,0.01989859,0.15394879,0.200004244,0.161360761,0.086870316,0.017681799,0.01893923,0.2136858,0.3217904,0.002508703,0.2822385,0.02065576,0.3163479,0,0,0,0,0
March,0.00018823,0.09784313,0.260464,0.000345386,0.01989859,0.15394879,0.200004244,0.161360761,0.086870316,0.017681799,0.01893923,0.2136858,0.3217904,0.002508703,0.2822385,0.02065576,0.3163479,0,0,0,0,0
April,0.00018823,0.09784313,0.260464,0.000345386,0.01989859,0.15394879,0.200004244,0.161360761,0.086870316,0.017681799,0.01893923,0.2136858,0.3217904,0.002508703,0.2822385,0.02065576,0.3163479,0,0,0,0,0
May,0.00018823,0.09784313,0.260464,0.000345386,0.01989859,0.15394879,0.200004244,0.161360761,0.086870316,0.017681799,0.01893923,0.2136858,0.3217904,0.002508703,0.2822385,0.02065576,0.3163479,0,0,0,0,0
June,0.00018823,0.09784313,0.260464,0.000345386,0.01989859,0.15394879,0.200004244,0.161360761,0.086870316,0.017681799,0.01893923,0.2136858,0.3217904,0.002508703,0.2822385,0.02065576,0.3163479,0,0,0,0,0
July,0.00018823,0.09784313,0.260464,0.000345386,0.01989859,0.15394879,0.200004244,0.161360761,0.086870316,0.017681799,0.01893923,0.2136858,0.3217904,0.002508703,0.2822385,0.02065576,0.3163479,0,0,0,0,0
August,0.00018823,0.09784313,0.260464,0.000345386,0.01989859,0.15394879,0.200004244,0.161360761,0.086870316,0.017681799,0.01893923,0.2136858,0.3217904,0.002508703,0.2822385,0.02065576,0.3163479,0,0,0,0,0
September,0.00018823,0.09784313,0.260464,0.000345386,0.01989859,0.15394879,0.200004244,0.161360761,0.086870316,0.017681799,0.01893923,0.2136858,0.3217904,0.002508703,0.2822385,0.02065576,0.3163479,0,0,0,0,0
October,0.00018823,0.09784313,0.260464,0.000345386,0.01989859,0.15394879,0.200004244,0.161360761,0.086870316,0.017681799,0.01893923,0.2136858,0.3217904,0.002508703,0.2822385,0.02065576,0.3163479,0,0,0,0,0
November,0.00018823,0.09784313,0.260464,0.000345386,0.01989859,0.15394879,0.200004244,0.161360761,0.086870316,0.017681799,0.01893923,0.2136858,0.3217904,0.002508703,0.2822385,0.02065576,0.3163479,0,0,0,0,0
December,0.00018823,0.09784313,0.260464,0.000345386,0.01989859,0.15394879,0.200004244,0.161360761,0.086870316,0.017681799,0.01893923,0.2136858,0.3217904,0.002508703,0.2822385,0.02065576,0.3163479,0,0,0,0,0
2008,0.00018823,0.09307849,0.2607867,0.000245519,0.014286554,0.115266681,0.162188254,0.133957899,0.071581463,0.012969421,0.01893923,0.176471,0.3155697,0.003836518,0.1789235,0.0288445,0.3065359,0,0,0,0,0
February,0.00018823,0.09307849,0.2607867,0.000245519,0.014286554,0.115266681,0.162188254,0.133957899,0.071581463,0.012969421,0.01893923,0.176471,0.3155697,0.003836518,0.1789235,0.0288445,0.3065359,0,0,0,0,0
March,0.00018823,0.09307849,0.2607867,0.000245519,0.014286554,0.115266681,0.162188254,0.133957899,0.071581463,0.012969421,0.01893923,0.176471,0.3155697,0.003836518,0.1789235,0.0288445,0.3065359,0,0,0,0,0
April,0.00018823,0.09307849,0.2607867,0.000245519,0.014286554,0.115266681,0.162188254,0.133957899,0.071581463,0.012969421,0.01893923,0.176471,0.3155697,0.003836518,0.1789235,0.0288445,0.3065359,0,0,0,0,0
May,0.00018823,0.09307849,0.2607867,0.000245519,0.014286554,0.115266681,0.162188254,0.133957899,0.071581463,0.012969421,0.01893923,0.176471,0.3155697,0.003836518,0.1789235,0.0288445,0.3065359,0,0,0,0,0
June,0.00018823,0.09307849,0.2607867,0.000245519,0.014286554,0.115266681,0.162188254,0.133957899,0.071581463,0.012969421,0.01893923,0.176471,0.3155697,0.003836518,0.1789235,0.0288445,0.3065359,0,0,0,0,0
July,0.00018823,0.09307849,0.2607867,0.000245519,0.014286554,0.115266681,0.162188254,0.133957899,0.071581463,0.012969421,0.01893923,0.176471,0.3155697,0.003836518,0.1789235,0.0288445,0.3065359,0,0,0,0,0
August,0.00018823,0.09307849,0.2607867,0.000245519,0.014286554,0.115266681,0.162188254,0.133957899,0.071581463,0.012969421,0.01893923,0.176471,0.3155697,0.003836518,0.1789235,0.0288445,0.3065359,0,0,0,0,0
September,0.00018823,0.09307849,0.2607867,0.000245519,0.014286554,0.115266681,0.162188254,0.133957899,0.071581463,0.012969421,0.01893923,0.176471,0.3155697,0.003836518,0.1789235,0.0288445,0.3065359,0,0,0,0,0
October,0.00018823,0.09307849,0.2607867,0.000245519,0.014286554,0.115266681,0.162188254,0.133957899,0.071581463,0.012969421,0.01893923,0.176471,0.3155697,0.003836518,0.1789235,0.0288445,0.3065359,0,0,0,0,0
November,0.00018823,0.09307849,0.2607867,0.000245519,0.014286554,0.115266681,0.162188254,0.133957899,0.071581463,0.012969421,0.01893923,0.176471,0.3155697,0.003836518,0.1789235,0.0288445,0.3065359,0,0,0,0,0
December,0.00018823,0.09307849,0.2607867,0.000245519,0.014286554,0.115266681,0.162188254,0.133957899,0.071581463,0.012969421,0.01893923,0.176471,0.3155697,0.003836518,0.1789235,0.0288445,0.3065359,0,0,0,0,0
2009,0.00018823,0.1063816,0.2998267,0.000359799,0.020640989,0.14546014,0.15356398,0.11397762,0.060803634,0.018121659,0.01893923,0.1302311,0.297648,0.000855681,0.1840684,0.002797555,0.4384798,0,0,0,0,0
February,0.00018823,0.1063816,0.2998267,0.000359799,0.020640989,0.14546014,0.15356398,0.11397762,0.060803634,0.018121659,0.01893923,0.1302311,0.297648,0.000855681,0.1840684,0.002797555,0.4384798,0,0,0,0,0
March,0.00018823,0.1063816,0.2998267,0.000359799,0.020640989,0.14546014,0.15356398,0.11397762,0.060803634,0.018121659,0.01893923,0.1302311,0.297648,0.000855681,0.1840684,0.002797555,0.4384798,0,0,0,0,0
April,0.00018823,0.1063816,0.2998267,0.000359799,0.020640989,0.14546014,0.15356398,0.11397762,0.060803634,0.018121659,0.01893923,0.1302311,0.297648,0.000855681,0.1840684,0.002797555,0.4384798,0,0,0,0,0
May,0.00018823,0.1063816,0.2998267,0.000359799,0.020640989,0.14546014,0.15356398,0.11397762,0.060803634,0.018121659,0.01893923,0.1302311,0.297648,0.000855681,0.1840684,0.002797555,0.4384798,0,0,0,0,0
June,0.00018823,0.1063816,0.2998267,0.000359799,0.020640989,0.14546014,0.15356398,0.11397762,0.060803634,0.018121659,0.01893923,0.1302311,0.297648,0.000855681,0.1840684,0.002797555,0.4384798,0,0,0,0,0
July,0.00018823,0.1063816,0.2998267,0.000359799,0.020640989,0.14546014,0.15356398,0.11397762,0.060803634,0.018121659,0.01893923,0.1302311,0.297648,0.000855681,0.1840684,0.002797555,0.4384798,0,0,0,0,0
August,0.00018823,0.1063816,0.2998267,0.000359799,0.020640989,0.14546014,0.15356398,0.11397762,0.060803634,0.018121659,0.01893923,0.1302311,0.297648,0.000855681,0.1840684,0.002797555,0.4384798,0,0,0,0,0
September,0.00018823,0.1063816,0.2998267,0.000359799,0.020640989,0.14546014,0.15356398,0.11397762,0.060803634,0.018121659,0.01893923,0.1302311,0.297648,0.000855681,0.1840684,0.002797555,0.4384798,0,0,0,0,0
October,0.00018823,0.1063816,0.2998267,0.000359799,0.020640989,0.14546014,0.15356398,0.11397762,0.060803634,0.018121659,0.01893923,0.1302311,0.297648,0.000855681,0.1840684,0.002797555,0.4384798,0,0,0,0,0
November,0.00018823,0.1063816,0.2998267,0.000359799,0.020640989,0.14546014,0.15356398,0.11397762,0.060803634,0.018121659,0.01893923,0.1302311,0.297648,0.000855681,0.1840684,0.002797555,0.4384798,0,0,0,0,0
December,0.00018823,0.1063816,0.2998267,0.000359799,0.020640989,0.14546014,0.15356398,0.11397762,0.060803634,0.018121659,0.01893923,0.1302311,0.297648,0.000855681,0.1840684,0.002797555,0.4384798,0,0,0,0,0
2010,0.00018823,0.09241658,0.2327316,0.000421009,0.023869276,0.172472163,0.204750176,0.158954934,0.084250415,0.020936471,0.01893923,0.2745941,0.3485083,0.001616137,0.06981389,0,0.2266148,0,0,0,0,0
February,0.00018823,0.09241658,0.2327316,0.000421009,0.023869276,0.172472163,0.204750176,0.158954934,0.084250415,0.020936471,0.01893923,0.2745941,0.3485083,0.001616137,0.06981389,0,0.2266148,0,0,0,0,0
March,0.00018823,0.09241658,0.2327316,0.000421009,0.023869276,0.172472163,0.204750176,0.158954934,0.084250415,0.020936471,0.01893923,0.2745941,0.3485083,0.001616137,0.06981389,0,0.2266148,0,0,0,0,0
April,0.00018823,0.09241658,0.2327316,0.000421009,0.023869276,0.172472163,0.204750176,0.158954934,0.084250415,0.020936471,0.01893923,0.2745941,0.3485083,0.001616137,0.06981389,0,0.2266148,0,0,0,0,0
May,0.00018823,0.09241658,0.2327316,0.000421009,0.023869276,0.172472163,0.204750176,0.158954934,0.084250415,0.020936471,0.01893923,0.2745941,0.3485083,0.001616137,0.06981389,0,0.2266148,0,0,0,0,0
June,0.00018823,0.09241658,0.2327316,0.000421009,0.023869276,0.172472163,0.204750176,0.158954934,0.084250415,0.020936471,0.01893923,0.2745941,0.3485083,0.001616137,0.06981389,0,0.2266148,0,0,0,0,0
July,0.00018823,0.09241658,0.2327316,0.000421009,0.023869276,0.172472163,0.204750176,0.158954934,0.084250415,0.020936471,0.01893923,0.2745941,0.3485083,0.001616137,0.06981389,0,0.2266148,0,0,0,0,0
August,0.00018823,0.09241658,0.2327316,0.000421009,0.023869276,0.172472163,0.204750176,0.158954934,0.084250415,0.020936471,0.01893923,0.2745941,0.3485083,0.001616137,0.06981389,0,0.2266148,0,0,0,0,0
September,0.00018823,0.09241658,0.2327316,0.000421009,0.023869276,0.172472163,0.204750176,0.158954934,0.084250415,0.020936471,0.01893923,0.2745941,0.3485083,0.001616137,0.06981389,0,0.2266148,0,0,0,0,0
October,0.00018823,0.09241658,0.2327316,0.000421009,0.023869276,0.172472163,0.204750176,0.158954934,0.084250415,0.020936471,0.01893923,0.2745941,0.3485083,0.001616137,0.06981389,0,0.2266148,0,0,0,0,0
November,0.00018823,0.09241658,0.2327316,0.000421009,0.023869276,0.172472163,0.204750176,0.158954934,0.084250415,0.020936471,0.01893923,0.2745941,0.3485083,0.001616137,0.06981389,0,0.2266148,0,0,0,0,0
December,0.00018823,0.09241658,0.2327316,0.000421009,0.023869276,0.172472163,0.204750176,0.158954934,0.084250415,0.020936471,0.01893923,0.2745941,0.3485083,0.001616137,0.06981389,0,0.2266148,0,0,0,0,0
2011,0.00018823,0.1137592,0.2403182,0.000323184,0.018460026,0.14034003,0.193149766,0.156365311,0.080742623,0.016771242,0.01893923,0.3607219,0.2976856,0.001444466,0.03571984,0.02315651,0.2459309,0,0,0,0,0
February,0.00018823,0.1137592,0.2403182,0.000323184,0.018460026,0.14034003,0.193149766,0.156365311,0.080742623,0.016771242,0.01893923,0.3607219,0.2976856,0.001444466,0.03571984,0.02315651,0.2459309,0,0,0,0,0
March,0.00018823,0.1137592,0.2403182,0.000323184,0.018460026,0.14034003,0.193149766,0.156365311,0.080742623,0.016771242,0.01893923,0.3607219,0.2976856,0.001444466,0.03571984,0.02315651,0.2459309,0,0,0,0,0
April,0.00018823,0.1137592,0.2403182,0.000323184,0.018460026,0.14034003,0.193149766,0.156365311,0.080742623,0.016771242,0.01893923,0.3607219,0.2976856,0.001444466,0.03571984,0.02315651,0.2459309,0,0,0,0,0
May,0.00018823,0.1137592,0.2403182,0.000323184,0.018460026,0.14034003,0.193149766,0.156365311,0.080742623,0.016771242,0.01893923,0.3607219,0.2976856,0.001444466,0.03571984,0.02315651,0.2459309,0,0,0,0,0
June,0.00018823,0.1137592,0.2403182,0.000323184,0.018460026,0.14034003,0.193149766,0.156365311,0.080742623,0.016771242,0.01893923,0.3607219,0.2976856,0.001444466,0.03571984,0.02315651,0.2459309,0,0,0,0,0
July,0.00018823,0.1137592,0.2403182,0.000323184,0.018460026,0.14034003,0.193149766,0.156365311,0.080742623,0.016771242,0.01893923,0.3607219,0.2976856,0.001444466,0.03571984,0.02315651,0.2459309,0,0,0,0,0
August,0.00018823,0.1137592,0.2403182,0.000323184,0.018460026,0.14034003,0.193149766,0.156365311,0.080742623,0.016771242,0.01893923,0.3607219,0.2976856,0.001444466,0.03571984,0.02315651,0.2459309,0,0,0,0,0
September,0.00018823,0.1137592,0.2403182,0.000323184,0.018460026,0.14034003,0.193149766,0.156365311,0.080742623,0.016771242,0.01893923,0.3607219,0.2976856,0.001444466,0.03571984,0.02315651,0.2459309,0,0,0,0,0
October,0.00018823,0.1137592,0.2403182,0.000323184,0.018460026,0.14034003,0.193149766,0.156365311,0.080742623,0.016771242,0.01893923,0.3607219,0.2976856,0.001444466,0.03571984,0.02315651,0.2459309,0,0,0,0,0
November,0.00018823,0.1137592,0.2403182,0.000323184,0.018460026,0.14034003,0.193149766,0.156365311,0.080742623,0.016771242,0.01893923,0.3607219,0.2976856,0.001444466,0.03571984,0.02315651,0.2459309,0,0,0,0,0
December,0.00018823,0.1137592,0.2403182,0.000323184,0.018460026,0.14034003,0.193149766,0.156365311,0.080742623,0.016771242,0.01893923,0.3607219,0.2976856,0.001444466,0.03571984,0.02315651,0.2459309,0,0,0,0,0
2012,0.00018823,0.09272111,0.226489,0.000231826,0.013375465,0.102999844,0.151309088,0.123533966,0.061645045,0.012625097,0.01893923,0.5163862,0.2618054,0.003252691,0.1102371,0.004974755,0.2604871,0,0,0,0,0
February,0.00018823,0.09272111,0.226489,0.000231826,0.013375465,0.102999844,0.151309088,0.123533966,0.061645045,0.012625097,0.01893923,0.5163862,0.2618054,0.003252691,0.1102371,0.004974755,0.2604871,0,0,0,0,0
March,0.00018823,0.09272111,0.226489,0.000231826,0.013375465,0.102999844,0.151309088,0.123533966,0.061645045,0.012625097,0.01893923,0.5163862,0.2618054,0.003252691,0.1102371,0.004974755,0.2604871,0,0,0,0,0
April,0.00018823,0.09272111,0.226489,0.000231826,0.013375465,0.102999844,0.151309088,0.123533966,0.061645045,0.012625097,0.01893923,0.5163862,0.2618054,0.003252691,0.1102371,0.004974755,0.2604871,0,0,0,0,0
May,0.00018823,0.09272111,0.226489,0.000231826,0.013375465,0.102999844,0.151309088,0.123533966,0.061645045,0.012625097,0.01893923,0.5163862,0.2618054,0.003252691,0.1102371,0.004974755,0.2604871,0,0,0,0,0
June,0.00018823,0.09272111,0.226489,0.000231826,0.013375465,0.102999844,0.151309088,0.123533966,0.061645045,0.012625097,0.01893923,0.5163862,0.2618054,0.003252691,0.1102371,0.004974755,0.2604871,0,0,0,0,0
July,0.00018823,0.09272111,0.226489,0.000231826,0.013375465,0.102999844,0.151309088,0.123533966,0.061645045,0.012625097,0.01893923,0.5163862,0.2618054,0.003252691,0.1102371,0.004974755,0.2604871,0,0,0,0,0
August,0.00018823,0.09272111,0.226489,0.000231826,0.013375465,0.102999844,0.151309088,0.123533966,0.061645045,0.012625097,0.01893923,0.5163862,0.2618054,0.003252691,0.1102371,0.004974755,0.2604871,0,0,0,0,0
September,0.00018823,0.09272111,0.226489,0.000231826,0.013375465,0.102999844,0.151309088,0.123533966,0.061645045,0.012625097,0.01893923,0.5163862,0.2618054,0.003252691,0.1102371,0.004974755,0.2604871,0,0,0,0,0
October,0.00018823,0.09272111,0.226489,0.000231826,0.013375465,0.102999844,0.151309088,0.123533966,0.061645045,0.012625097,0.01893923,0.5163862,0.2618054,0.003252691,0.1102371,0.004974755,0.2604871,0,0,0,0,0
November,0.00018823,0.09272111,0.226489,0.000231826,0.013375465,0.102999844,0.151309088,0.123533966,0.061645045,0.012625097,0.01893923,0.5163862,0.2618054,0.003252691,0.1102371,0.004974755,0.2604871,0,0,0,0,0
December,0.00018823,0.09272111,0.226489,0.000231826,0.013375465,0.102999844,0.151309088,0.123533966,0.061645045,0.012625097,0.01893923,0.5163862,0.2618054,0.003252691,0.1102371,0.004974755,0.2604871,0,0,0,0,0
2013,0.00018823,0.09834218,0.2640274,0.000190534,0.011343361,0.094590862,0.12712926,0.075432785,0.021544145,0.004724791,0.01893923,0.4766334,0.2204682,0.000831624,0.09918614,0.0758561,0.2398002,0,0,0,0,0
February,0.00018823,0.09834218,0.2640274,0.000190534,0.011343361,0.094590862,0.12712926,0.075432785,0.021544145,0.004724791,0.01893923,0.4766334,0.2204682,0.000831624,0.09918614,0.0758561,0.2398002,0,0,0,0,0
March,0.00018823,0.09834218,0.2640274,0.000190534,0.011343361,0.094590862,0.12712926,0.075432785,0.021544145,0.004724791,0.01893923,0.4766334,0.2204682,0.000831624,0.09918614,0.0758561,0.2398002,0,0,0,0,0
April,0.00018823,0.09834218,0.2640274,0.000190534,0.011343361,0.094590862,0.12712926,0.075432785,0.021544145,0.004724791,0.01893923,0.4766334,0.2204682,0.000831624,0.09918614,0.0758561,0.2398002,0,0,0,0,0
May,0.00018823,0.09834218,0.2640274,0.000190534,0.011343361,0.094590862,0.12712926,0.075432785,0.021544145,0.004724791,0.01893923,0.4766334,0.2204682,0.000831624,0.09918614,0.0758561,0.2398002,0,0,0,0,0
June,0.00018823,0.09834218,0.2640274,0.000190534,0.011343361,0.094590862,0.12712926,0.075432785,0.021544145,0.004724791,0.01893923,0.4766334,0.2204682,0.000831624,0.09918614,0.0758561,0.2398002,0,0,0,0,0
July,0.00018823,0.09834218,0.2640274,0.000190534,0.011343361,0.094590862,0.12712926,0.075432785,0.021544145,0.004724791,0.01893923,0.4766334,0.2204682,0.000831624,0.09918614,0.0758561,0.2398002,0,0,0,0,0
August,0.00018823,0.09834218,0.2640274,0.000190534,0.011343361,0.094590862,0.12712926,0.075432785,0.021544145,0.004724791,0.01893923,0.4766334,0.2204682,0.000831624,0.09918614,0.0758561,0.2398002,0,0,0,0,0
September,0.00018823,0.09834218,0.2640274,0.000190534,0.011343361,0.094590862,0.12712926,0.075432785,0.021544145,0.004724791,0.01893923,0.4766334,0.2204682,0.000831624,0.09918614,0.0758561,0.2398002,0,0,0,0,0
October,0.00018823,0.09834218,0.2640274,0.000190534,0.011343361,0.094590862,0.12712926,0.075432785,0.021544145,0.004724791,0.01893923,0.4766334,0.2204682,0.000831624,0.09918614,0.0758561,0.2398002,0,0,0,0,0
November,0.00018823,0.09834218,0.2640274,0.000190534,0.011343361,0.094590862,0.12712926,0.075432785,0.021544145,0.004724791,0.01893923,0.4766334,0.2204682,0.000831624,0.09918614,0.0758561,0.2398002,0,0,0,0,0
December,0.00018823,0.09834218,0.2640274,0.000190534,0.011343361,0.094590862,0.12712926,0.075432785,0.021544145,0.004724791,0.01893923,0.4766334,0.2204682,0.000831624,0.09918614,0.0758561,0.2398002,0,0,0,0,0
2014,0.00018823,0.09869326,0.2699433,0.000259244,0.015552015,0.131051316,0.178421551,0.105590239,0.029859436,0.006610841,0.01893923,0.5374373,0.1890455,0.000891222,0.0557707,0.03618021,0.2377926,0,0,0,0,0
February,0.00018823,0.09869326,0.2699433,0.000259244,0.015552015,0.131051316,0.178421551,0.105590239,0.029859436,0.006610841,0.01893923,0.5374373,0.1890455,0.000891222,0.0557707,0.03618021,0.2377926,0,0,0,0,0
March,0.00018823,0.09869326,0.2699433,0.000259244,0.015552015,0.131051316,0.178421551,0.105590239,0.029859436,0.006610841,0.01893923,0.5374373,0.1890455,0.000891222,0.0557707,0.03618021,0.2377926,0,0,0,0,0
April,0.00018823,0.09869326,0.2699433,0.000259244,0.015552015,0.131051316,0.178421551,0.105590239,0.029859436,0.006610841,0.01893923,0.5374373,0.1890455,0.000891222,0.0557707,0.03618021,0.2377926,0,0,0,0,0
May,0.00018823,0.09869326,0.2699433,0.000259244,0.015552015,0.131051316,0.178421551,0.105590239,0.029859436,0.006610841,0.01893923,0.5374373,0.1890455,0.000891222,0.0557707,0.03618021,0.2377926,0,0,0,0,0
June,0.00018823,0.09869326,0.2699433,0.000259244,0.015552015,0.131051316,0.178421551,0.105590239,0.029859436,0.006610841,0.01893923,0.5374373,0.1890455,0.000891222,0.0557707,0.03618021,0.2377926,0,0,0,0,0
July,0.00018823,0.09869326,0.2699433,0.000259244,0.015552015,0.131051316,0.178421551,0.105590239,0.029859436,0.006610841,0.01893923,0.5374373,0.1890455,0.000891222,0.0557707,0.03618021,0.2377926,0,0,0,0,0
August,0.00018823,0.09869326,0.2699433,0.000259244,0.015552015,0.131051316,0.178421551,0.105590239,0.029859436,0.006610841,0.01893923,0.5374373,0.1890455,0.000891222,0.0557707,0.03618021,0.2377926,0,0,0,0,0
September,0.00018823,0.09869326,0.2699433,0.000259244,0.015552015,0.131051316,0.178421551,0.105590239,0.029859436,0.006610841,0.01893923,0.5374373,0.1890455,0.000891222,0.0557707,0.03618021,0.2377926,0,0,0,0,0
October,0.00018823,0.09869326,0.2699433,0.000259244,0.015552015,0.131051316,0.178421551,0.105590239,0.029859436,0.006610841,0.01893923,0.5374373,0.1890455,0.000891222,0.0557707,0.03618021,0.2377926,0,0,0,0,0
November,0.00018823,0.09869326,0.2699433,0.000259244,0.015552015,0.131051316,0.178421551,0.105590239,0.029859436,0.006610841,0.01893923,0.5374373,0.1890455,0.000891222,0.0557707,0.03618021,0.2377926,0,0,0,0,0
December,0.00018823,0.09869326,0.2699433,0.000259244,0.015552015,0.131051316,0.178421551,0.105590239,0.029859436,0.006610841,0.01893923,0.5374373,0.1890455,0.000891222,0.0557707,0.03618021,0.2377926,0,0,0,0,0
2015,0.00018823,0.1042313,0.2835286,0.000315015,0.018824745,0.160848329,0.228898185,0.134358481,0.036401776,0.007827277,0.01893923,0.2656345,0.2647868,0.00391347,0.07953631,0.003311629,0.230566,0,0,0,0,0
February,0.00018823,0.1042313,0.2835286,0.000315015,0.018824745,0.160848329,0.228898185,0.134358481,0.036401776,0.007827277,0.01893923,0.2656345,0.2647868,0.00391347,0.07953631,0.003311629,0.230566,0,0,0,0,0
March,0.00018823,0.1042313,0.2835286,0.000315015,0.018824745,0.160848329,0.228898185,0.134358481,0.036401776,0.007827277,0.01893923,0.2656345,0.2647868,0.00391347,0.07953631,0.003311629,0.230566,0,0,0,0,0
April,0.00018823,0.1042313,0.2835286,0.000315015,0.018824745,0.160848329,0.228898185,0.134358481,0.036401776,0.007827277,0.01893923,0.2656345,0.2647868,0.00391347,0.07953631,0.003311629,0.230566,0,0,0,0,0
May,0.00018823,0.1042313,0.2835286,0.000315015,0.018824745,0.160848329,0.228898185,0.134358481,0.036401776,0.007827277,0.01893923,0.2656345,0.2647868,0.00391347,0.07953631,0.003311629,0.230566,0,0,0,0,0
June,0.00018823,0.1042313,0.2835286,0.000315015,0.018824745,0.160848329,0.228898185,0.134358481,0.036401776,0.007827277,0.01893923,0.2656345,0.2647868,0.00391347,0.07953631,0.003311629,0.230566,0,0,0,0,0
July,0.00018823,0.1042313,0.2835286,0.000315015,0.018824745,0.160848329,0.228898185,0.134358481,0.036401776,0.007827277,0.01893923,0.2656345,0.2647868,0.00391347,0.07953631,0.003311629,0.230566,0,0,0,0,0
August,0.00018823,0.1042313,0.2835286,0.000315015,0.018824745,0.160848329,0.228898185,0.134358481,0.036401776,0.007827277,0.01893923,0.2656345,0.2647868,0.00391347,0.07953631,0.003311629,0.230566,0,0,0,0,0
September,0.00018823,0.1042313,0.2835286,0.000315015,0.018824745,0.160848329,0.228898185,0.134358481,0.036401776,0.007827277,0.01893923,0.2656345,0.2647868,0.00391347,0.07953631,0.003311629,0.230566,0,0,0,0,0
October,0.00018823,0.1042313,0.2835286,0.000315015,0.018824745,0.160848329,0.228898185,0.134358481,0.036401776,0.007827277,0.01893923,0.2656345,0.2647868,0.00391347,0.07953631,0.003311629,0.230566,0,0,0,0,0
November,0.00018823,0.1042313,0.2835286,0.000315015,0.018824745,0.160848329,0.228898185,0.134358481,0.036401776,0.007827277,0.01893923,0.2656345,0.2647868,0.00391347,0.07953631,0.003311629,0.230566,0,0,0,0,0
December,0.00018823,0.1042313,0.2835286,0.000315015,0.018824745,0.160848329,0.228898185,0.134358481,0.036401776,0.007827277,0.01893923,0.2656345,0.2647868,0.00391347,0.07953631,0.003311629,0.230566,0,0,0,0,0
2016,0.00018823,0.1130439,0.3589694,0.000222482,0.013388518,0.133447262,0.220602026,0.127853274,0.033174342,0.006952119,0.01893923,0.5299085,0.1894206,0.001346438,0.0589195,0.024697,0.2574918,0,0,0,0,0
February,0.00018823,0.1130439,0.3589694,0.000222482,0.013388518,0.133447262,0.220602026,0.127853274,0.033174342,0.006952119,0.01893923,0.5299085,0.1894206,0.001346438,0.0589195,0.024697,0.2574918,0,0,0,0,0
March,0.00018823,0.1130439,0.3589694,0.000222482,0.013388518,0.133447262,0.220602026,0.127853274,0.033174342,0.006952119,0.01893923,0.5299085,0.1894206,0.001346438,0.0589195,0.024697,0.2574918,0,0,0,0,0
April,0.00018823,0.1130439,0.3589694,0.000222482,0.013388518,0.133447262,0.220602026,0.127853274,0.033174342,0.006952119,0.01893923,0.5299085,0.1894206,0.001346438,0.0589195,0.024697,0.2574918,0,0,0,0,0
May,0.00018823,0.1130439,0.3589694,0.000222482,0.013388518,0.133447262,0.220602026,0.127853274,0.033174342,0.006952119,0.01893923,0.5299085,0.1894206,0.001346438,0.0589195,0.024697,0.2574918,0,0,0,0,0
June,0.00018823,0.1130439,0.3589694,0.000222482,0.013388518,0.133447262,0.220602026,0.127853274,0.033174342,0.006952119,0.01893923,0.5299085,0.1894206,0.001346438,0.0589195,0.024697,0.2574918,0,0,0,0,0
July,0.00018823,0.1130439,0.3589694,0.000222482,0.013388518,0.133447262,0.220602026,0.127853274,0.033174342,0.006952119,0.01893923,0.5299085,0.1894206,0.001346438,0.0589195,0.024697,0.2574918,0,0,0,0,0
August,0.00018823,0.1130439,0.3589694,0.000222482,0.013388518,0.133447262,0.220602026,0.127853274,0.033174342,0.006952119,0.01893923,0.5299085,0.1894206,0.001346438,0.0589195,0.024697,0.2574918,0,0,0,0,0
September,0.00018823,0.1130439,0.3589694,0.000222482,0.013388518,0.133447262,0.220602026,0.127853274,0.033174342,0.006952119,0.01893923,0.5299085,0.1894206,0.001346438,0.0589195,0.024697,0.2574918,0,0,0,0,0
October,0.00018823,0.1130439,0.3589694,0.000222482,0.013388518,0.133447262,0.220602026,0.127853274,0.033174342,0.006952119,0.01893923,0.5299085,0.1894206,0.001346438,0.0589195,0.024697,0.2574918,0,0,0,0,0
November,0.00018823,0.1130439,0.3589694,0.000222482,0.013388518,0.133447262,0.220602026,0.127853274,0.033174342,0.006952119,0.01893923,0.5299085,0.1894206,0.001346438,0.0589195,0.024697,0.2574918,0,0,0,0,0
December,0.00018823,0.1130439,0.3589694,0.000222482,0.013388518,0.133447262,0.220602026,0.127853274,0.033174342,0.006952119,0.01893923,0.5299085,0.1894206,0.001346438,0.0589195,0.024697,0.2574918,0,0,0,0,0
2017,0.00018823,0.1107925,0.2942654,0.000135961,0.008239479,0.092776694,0.164459279,0.095104554,0.024788123,0.005194062,0.01893923,0.6488021,0.3836895,0.001539058,0.06880698,0.03944127,0.2834153,0,0,0,0,0
February,0.00018823,0.1107925,0.2942654,0.000135961,0.008239479,0.092776694,0.164459279,0.095104554,0.024788123,0.005194062,0.01893923,0.6488021,0.3836895,0.001539058,0.06880698,0.03944127,0.2834153,0,0,0,0,0
March,0.00018823,0.1107925,0.2942654,0.000135961,0.008239479,0.092776694,0.164459279,0.095104554,0.024788123,0.005194062,0.01893923,0.6488021,0.3836895,0.001539058,0.06880698,0.03944127,0.2834153,0,0,0,0,0
April,0.00018823,0.1107925,0.2942654,0.000135961,0.008239479,0.092776694,0.164459279,0.095104554,0.024788123,0.005194062,0.01893923,0.6488021,0.3836895,0.001539058,0.06880698,0.03944127,0.2834153,0,0,0,0,0
May,0.00018823,0.1107925,0.2942654,0.000135961,0.008239479,0.092776694,0.164459279,0.095104554,0.024788123,0.005194062,0.01893923,0.6488021,0.3836895,0.001539058,0.06880698,0.03944127,0.2834153,0,0,0,0,0
June,0.00018823,0.1107925,0.2942654,0.000135961,0.008239479,0.092776694,0.164459279,0.095104554,0.024788123,0.005194062,0.01893923,0.6488021,0.3836895,0.001539058,0.06880698,0.03944127,0.2834153,0,0,0,0,0
July,0.00018823,0.1107925,0.2942654,0.000135961,0.008239479,0.092776694,0.164459279,0.095104554,0.024788123,0.005194062,0.01893923,0.6488021,0.3836895,0.001539058,0.06880698,0.03944127,0.2834153,0,0,0,0,0
August,0.00018823,0.1107925,0.2942654,0.000135961,0.008239479,0.092776694,0.164459279,0.095104554,0.024788123,0.005194062,0.01893923,0.6488021,0.3836895,0.001539058,0.06880698,0.03944127,0.2834153,0,0,0,0,0
September,0.00018823,0.1107925,0.2942654,0.000135961,0.008239479,0.092776694,0.164459279,0.095104554,0.024788123,0.005194062,0.01893923,0.6488021,0.3836895,0.001539058,0.06880698,0.03944127,0.2834153,0,0,0,0,0
October,0.00018823,0.1107925,0.2942654,0.000135961,0.008239479,0.092776694,0.164459279,0.095104554,0.024788123,0.005194062,0.01893923,0.6488021,0.3836895,0.001539058,0.06880698,0.03944127,0.2834153,0,0,0,0,0
November,0.00018823,0.1107925,0.2942654,0.000135961,0.008239479,0.092776694,0.164459279,0.095104554,0.024788123,0.005194062,0.01893923,0.6488021,0.3836895,0.001539058,0.06880698,0.03944127,0.2834153,0,0,0,0,0
December,0.00018823,0.1107925,0.2942654,0.000135961,0.008239479,0.092776694,0.164459279,0.095104554,0.024788123,0.005194062,0.01893923,0.6488021,0.3836895,0.001539058,0.06880698,0.03944127,0.2834153,0,0,0,0,0
